sample,point,disc,age,uncert,hfhf,hfhfse,luhf
SA13_114,SA13_114-06,-42.6,282,5,,,
SA13_114,SA13_114-65,-20.1,2077,49,,,
SA13_114,SA13_114-01,-15.5,1620,16,,,
SA13_114,SA13_114-28,-13.1,548,9,,,
SA13_114,SA13_114-60,-12.1,824,8,,,
SA13_114,SA13_114-16,-34.1,285,6,,,
SA13_114,SA13_114-33,-26.6,291,6,,,
SA13_114,SA13_114-32,-37.9,306,8,,,
SA13_114,SA13_114-41,-57.4,319,4,,,
SA13_114,SA13_114-70,-69.6,294,15,,,
SA13_114,SA13_114-73,-89,513,28,,,
SA13_114,SA13_114-03,4.6,538,10,,,
SA13_114,SA13_114-04,5.9,504,12,,,
SA13_114,SA13_114-05,8.6,561,9,,,
SA13_114,SA13_114-07,-5,257,5,,,
SA13_114,SA13_114-09,-10.3,277,5,,,
SA13_114,SA13_114-10,-10.7,564,8,,,
SA13_114,SA13_114-12,-20.4,552,17,,,
SA13_114,SA13_114-13,-15.3,284,4,,,
SA13_114,SA13_114-14,4.9,634,8,,,
SA13_114,SA13_114-15,-11.5,526,9,,,
SA13_114,SA13_114-17,2.4,1881,14,,,
SA13_114,SA13_114-18,-32.3,619,22,,,
SA13_114,SA13_114-19,-24.8,281,7,,,
SA13_114,SA13_114-20,0.6,747,10,,,
SA13_114,SA13_114-21,-14.1,523,10,,,
SA13_114,SA13_114-22,-0.1,938,13,,,
SA13_114,SA13_114-23,-3.6,618,10,,,
SA13_114,SA13_114-24,-27.8,300,8,,,
SA13_114,SA13_114-25,-13.9,266,6,,,
SA13_114,SA13_114-26,-4.6,563,9,,,
SA13_114,SA13_114-27,5.2,269,7,,,
SA13_114,SA13_114-29,3.5,1046,14,,,
SA13_114,SA13_114-30,-3.3,603,11,,,
SA13_114,SA13_114-31,-3.7,290,7,,,
SA13_114,SA13_114-34,-2.6,1100,17,,,
SA13_114,SA13_114-35,-8.3,547,9,,,
SA13_114,SA13_114-36,-2.9,305,6,,,
SA13_114,SA13_114-37,-1.5,248,5,,,
SA13_114,SA13_114-38,-40.5,278,6,,,
SA13_114,SA13_114-39,8.2,508,9,,,
SA13_114,SA13_114-40,-29.6,252,6,,,
SA13_114,SA13_114-42,7.9,603,8,,,
SA13_114,SA13_114-45,-4.1,496,15,,,
SA13_114,SA13_114-46,-4.3,359,3,,,
SA13_114,SA13_114-47,-4.2,604,10,,,
SA13_114,SA13_114-52,-9.7,258,4,,,
SA13_114,SA13_114-53,-9.1,280,5,,,
SA13_114,SA13_114-54,-8.8,562,7,,,
SA13_114,SA13_114-55,-7.1,593,7,,,
SA13_114,SA13_114-56,1.1,600,5,,,
SA13_114,SA13_114-57,17.6,264,6,,,
SA13_114,SA13_114-58,-5.4,493,9,,,
SA13_114,SA13_114-59,-14.9,255,5,,,
SA13_114,SA13_114-61,-4,989,36,,,
SA13_114,SA13_114-62,-3.2,261,15,,,
SA13_114,SA13_114-63,-10.4,691,30,,,
SA13_114,SA13_114-64,-12.2,278,15,,,
SA13_114,SA13_114-66,-26,260,13,,,
SA13_114,SA13_114-67,55,241,14,,,
SA13_114,SA13_114-68,-1.4,548,25,,,
SA13_114,SA13_114-69,-21.9,269,18,,,
SA13_114,SA13_114-71,-1.6,465,21,,,
SA13_114,SA13_114-72,-44.6,263,14,,,
SA13_114,SA13_114-11,6.4,573,6,,,
SA13_114,SA13_114-43,7.3,696,7,,,
SA13_114,SA13_114-51,13.5,512,8,,,
SA13_114,SA13_114-44,53.3,283,10,,,
SA13_114,SA13_114-02,70.5,248,5,,,
SA13_123,SA13_123-05,-34.1,757,12,,,
SA13_123,SA13_123-10,-26.6,506,10,0.282354,1.8E-05,0.00156
SA13_123,SA13_123-03,-21.1,633,7,0.281566,1.3E-05,0.00115
SA13_123,SA13_123-39,-32.9,288,3,,,
SA13_123,SA13_123-04,-85.3,269,7,0.28249,1.7E-05,0.00276
SA13_123,SA13_123-02,-1.3,1055,17,0.282188,2.7E-05,0.00179
SA13_123,SA13_123-06,-2.7,855,11,0.282304,1.2E-05,0.00074
SA13_123,SA13_123-07,3.2,1268,16,,,
SA13_123,SA13_123-08,6.1,276,4,0.282566,8E-06,0.00115
SA13_123,SA13_123-09,-2.8,638,7,,,
SA13_123,SA13_123-12,-0.3,1968,10,0.281519,2.3E-05,0.00083
SA13_123,SA13_123-13,-0.6,1982,32,,,
SA13_123,SA13_123-15,6.4,445,6,,,
SA13_123,SA13_123-16,10.4,542,8,0.281909,1.9E-05,0.0046
SA13_123,SA13_123-17,-1.6,1153,17,,,
SA13_123,SA13_123-18,5.1,552,9,,,
SA13_123,SA13_123-20,0.3,621,10,,,
SA13_123,SA13_123-21,0.5,1028,17,,,
SA13_123,SA13_123-22,-21,286,5,,,
SA13_123,SA13_123-23,19.4,272,7,0.282473,1.4E-05,0.00166
SA13_123,SA13_123-24,-0.9,324,6,0.282609,1.2E-05,0.00144
SA13_123,SA13_123-25,-6.7,515,10,0.282383,1.7E-05,0.00388
SA13_123,SA13_123-26,-3.5,1116,23,,,
SA13_123,SA13_123-27,4.6,1067,22,,,
SA13_123,SA13_123-28,3,684,16,,,
SA13_123,SA13_123-30,-3.5,510,11,,,
SA13_123,SA13_123-32,4,1138,14,,,
SA13_123,SA13_123-33,2.5,2045,18,,,
SA13_123,SA13_123-37,0.1,958,18,,,
SA13_123,SA13_123-40,-8.7,483,6,,,
SA13_123,SA13_123-41,-19.6,227,3,,,
SA13_123,SA13_123-43,-17.2,278,5,,,
SA13_123,SA13_123-44,-7.1,623,11,,,
SA13_123,SA13_123-45,5.1,490,8,,,
SA13_123,SA13_123-31,9.1,1301,18,0.282154,2.3E-05,0.00398
SA13_123,SA13_123-01,19.5,576,8,,,
SA13_123,SA13_123-36,18.4,603,6,0.282195,1.7E-05,0.00154
SA13_123,SA13_123-05,-34.1,757,12,,,
SA13_123,SA13_123-10,-26.6,506,10,0.282354,1.8E-05,0.00156
SA13_123,SA13_123-03,-21.1,633,7,0.281566,1.3E-05,0.00115
SA13_123,SA13_123-39,-32.9,288,3,,,
SA13_123,SA13_123-04,-85.3,269,7,0.28249,1.7E-05,0.00276
SA13_123,SA13_123-02,-1.3,1055,17,0.282188,2.7E-05,0.00179
SA13_123,SA13_123-06,-2.7,855,11,0.282304,1.2E-05,0.00074
SA13_123,SA13_123-07,3.2,1268,16,,,
SA13_123,SA13_123-08,6.1,276,4,0.282566,8E-06,0.00115
SA13_123,SA13_123-09,-2.8,638,7,,,
SA13_123,SA13_123-12,-0.3,1968,10,0.281519,2.3E-05,0.00083
SA13_123,SA13_123-13,-0.6,1982,32,,,
SA13_123,SA13_123-15,6.4,445,6,,,
SA13_123,SA13_123-16,10.4,542,8,0.281909,1.9E-05,0.0046
SA13_123,SA13_123-17,-1.6,1153,17,,,
SA13_123,SA13_123-18,5.1,552,9,,,
SA13_123,SA13_123-20,0.3,621,10,,,
SA13_123,SA13_123-21,0.5,1028,17,,,
SA13_123,SA13_123-22,-21,286,5,,,
SA13_123,SA13_123-23,19.4,272,7,0.282473,1.4E-05,0.00166
SA13_123,SA13_123-24,-0.9,324,6,0.282609,1.2E-05,0.00144
SA13_123,SA13_123-25,-6.7,515,10,0.282383,1.7E-05,0.00388
SA13_123,SA13_123-26,-3.5,1116,23,,,
SA13_123,SA13_123-27,4.6,1067,22,,,
SA13_123,SA13_123-28,3,684,16,,,
SA13_123,SA13_123-30,-3.5,510,11,,,
SA13_123,SA13_123-32,4,1138,14,,,
SA13_123,SA13_123-33,2.5,2045,18,,,
SA13_123,SA13_123-37,0.1,958,18,,,
SA13_123,SA13_123-40,-8.7,483,6,,,
SA13_123,SA13_123-41,-19.6,227,3,,,
SA13_123,SA13_123-43,-17.2,278,5,,,
SA13_123,SA13_123-44,-7.1,623,11,,,
SA13_123,SA13_123-45,5.1,490,8,,,
SA13_123,SA13_123-31,9.1,1301,18,0.282154,2.3E-05,0.00398
SA13_123,SA13_123-01,19.5,576,8,,,
SA13_123,SA13_123-36,18.4,603,6,0.282195,1.7E-05,0.00154
SA13-108,SA13-108-99,-60.3,694,20,0.28244,1E-05,0.00041
SA13-108,SA13-108-49,-42,574,9,0.282494,1.2E-05,0.00026
SA13-108,SA13_108-39,-32.5,856,18,0.282322,9E-06,0.00073
SA13-108,SA13-108-47,-27,528,21,0.282262,1.7E-05,0.00062
SA13-108,SA13-108-58,-22,703,16,0.282509,1.1E-05,0.00059
SA13-108,SA13-108-78,-21.6,560,12,0.281812,1E-05,0.0004
SA13-108,SA13-108-82,-20.9,499,12,0.282399,1.1E-05,0.0006
SA13-108,SA13-108-93,-20.5,485,10,0.282346,1E-05,0.00038
SA13-108,SA13_108-02,-20.1,900,9,0.282247,1.1E-05,0.00139
SA13-108,SA13_108-33,-19.8,2138,20,0.280836,1E-05,0.0003
SA13-108,SA13_108-14,-17.5,637,14,0.28256,8E-06,0.00198
SA13-108,SA13-108-96,-17.5,534,21,0.282451,1.1E-05,0.00039
SA13-108,SA13_108-13,-15.2,587,10,0.282426,8E-06,3E-05
SA13-108,SA13_108-17,-14.9,710,14,0.282353,1.1E-05,0.00084
SA13-108,SA13_108-44,-14.9,546,13,0.282426,1.1E-05,0.00018
SA13-108,SA13_108-43,-14.6,611,16,0.282451,9E-06,0.00091
SA13-108,SA13-108-64,-14.4,1059,25,0.282367,1E-05,0.00074
SA13-108,SA13_108-15,-12.3,984,14,0.281736,1.1E-05,0.00068
SA13-108,SA13_108-42,-20.3,278,5,0.282311,1.5E-05,0.00047
SA13-108,SA13-108-84,-11.7,609,14,0.282392,1.1E-05,0.00019
SA13-108,SA13_108-22,-11.4,549,10,0.2825,1E-05,0.0007
SA13-108,SA13_108-55,-10.4,522,13,0.282462,1.3E-05,0.00072
SA13-108,SA13_108-32,-10.2,696,13,0.282434,1.2E-05,0.00109
SA13-108,SA13_108-11,-10,554,14,0.282456,9E-06,0.00031
SA13-108,SA13_108-27,-9.9,938,15,0.282198,1.5E-05,0.00105
SA13-108,SA13_108-21,-9.5,1008,20,0.282394,1.2E-05,0.00081
SA13-108,SA13_108-20,-9.2,967,12,0.282339,7E-06,0.00076
SA13-108,SA13_108-31,-8.8,559,9,0.282412,1.1E-05,0.00137
SA13-108,SA13_108-29,-8.6,594,12,0.282329,1.1E-05,0.00045
SA13-108,SA13-108-53,-8.6,674,13,0.28243,8E-06,0.00043
SA13-108,SA13_108-04,-8.5,1039,16,0.281633,1E-05,0.00103
SA13-108,SA13_108-25,-8.3,933,16,0.282233,1E-05,0.00063
SA13-108,SA13-108-69,-8,986,19,0.282445,1.6E-05,0.00186
SA13-108,SA13-108-76,-7.8,581,15,0.282301,1E-05,2E-05
SA13-108,SA13_108-16,-7.5,1065,14,0.281984,1E-05,0.00066
SA13-108,SA13-108-59,-7.4,998,27,0.28225,8E-06,0.00104
SA13-108,SA13_108-24,-7.1,1024,16,0.282192,1.1E-05,0.0006
SA13-108,SA13_108-30,-6.5,673,12,0.282428,1.2E-05,0.00184
SA13-108,SA13-108-48,-6.1,1021,16,0.282468,1.4E-05,0.00162
SA13-108,SA13_108-26,-5.5,701,11,0.282468,8E-06,0.0006
SA13-108,SA13-108-73,-5.1,947,15,0.282177,1.1E-05,0.00058
SA13-108,SA13-108-70,-4.6,509,9,0.282358,1E-05,0.00034
SA13-108,SA13-108-86,-4.6,526,12,0.28233,1E-05,0.0005
SA13-108,SA13_108-23,-4.4,548,18,0.282451,1.2E-05,0.00092
SA13-108,SA13-108-62,-4.4,989,23,0.282345,1E-05,0.00131
SA13-108,SA13-108-81,-4.2,576,10,0.282447,9E-06,0.0004
SA13-108,SA13-108-46,-3.6,660,14,0.282444,9E-06,0.00065
SA13-108,SA13-108-57,-2.7,990,18,0.282307,1.1E-05,0.00034
SA13-108,SA13-108-79,-2.6,1067,17,0.281766,1.1E-05,0.00097
SA13-108,SA13-108-85,-2.6,1095,18,0.282212,1E-05,0.00066
SA13-108,SA13-108-56,-2.5,591,12,0.282217,2E-05,0.00333
SA13-108,SA13-108-88,-1.3,507,12,0.282219,1.5E-05,0.0004
SA13-108,SA13-108-61,-1,1111,20,0.282175,1E-05,0.00125
SA13-108,SA13-108-75,-0.8,506,11,0.282222,1.3E-05,0.00047
SA13-108,SA13-108-83,-0.7,1010,13,0.28235,1E-05,0.0005
SA13-108,SA13_108-36,-0.6,501,8,0.282382,1.1E-05,0.00045
SA13-108,SA13_108-40,-0.6,545,11,0.282182,1E-05,0.00044
SA13-108,SA13-108-71,-0.5,993,13,0.282355,1E-05,0.00071
SA13-108,SA13_108-18,-0.4,515,12,0.282337,1.1E-05,0.00042
SA13-108,SA13_108-41,-0.3,1049,20,0.28242,8E-06,0.00036
SA13-108,SA13_108-06,-0.1,506,6,0.28193,1.5E-05,0.00059
SA13-108,SA13-108-99rr,0.1,520,11,0.282449,1.1E-05,0.00031
SA13-108,SA13_108-01,0.2,1077,8,0.28238,1.2E-05,0.00075
SA13-108,SA13-108-89,0.5,1085,22,0.282237,1.1E-05,0.00072
SA13-108,SA13_108-37,1,1052,16,0.282431,1.2E-05,0.00035
SA13-108,SA13-108-45,1.1,583,9,0.282349,9E-06,0.00164
SA13-108,SA13-108-72,1.2,614,8,0.282451,1.1E-05,0.00038
SA13-108,SA13-108-98,1.2,597,10,0.28244,1E-05,0.00041
SA13-108,SA13_108-07,1.5,677,10,0.282309,1.4E-05,0.00164
SA13-108,SA13-108-91,1.5,590,10,0.282529,1.2E-05,0.0004
SA13-108,SA13_108-05,2.2,1097,13,0.282224,1E-05,0.00059
SA13-108,SA13_108-10,2.4,927,15,0.2824,1.6E-05,0.00023
SA13-108,SA13-108-92,2.4,528,9,0.282427,1.1E-05,5E-05
SA13-108,SA13-108-94,2.4,945,11,0.282204,1E-05,0.00075
SA13-108,SA13-108-54,2.5,914,15,0.282462,1.1E-05,0.00089
SA13-108,SA13_108-03,2.6,645,6,0.28254,1E-05,0.00066
SA13-108,SA13-108-90,3.1,614,12,0.282423,1.1E-05,0.00051
SA13-108,SA13-108-95,3.2,479,12,0.282208,1.1E-05,0.00051
SA13-108,SA13_108-09,4.7,1118,12,0.282231,1.1E-05,0.00166
SA13-108,SA13_108-35,5.5,498,9,0.282382,1.1E-05,0.00045
SA13-108,SA13-108-65,5.5,1054,21,0.282406,1E-05,0.0008
SA13-108,SA13-108-60,5.8,544,13,0.282512,1.1E-05,0.00041
SA13-108,SA13-108-87,6,1004,15,0.28242,1.2E-05,0.00121
SA13-108,SA13-108-77,7.3,532,16,0.282422,1E-05,0.00021
SA13-108,SA13-108-52,7.7,525,10,0.282451,8E-06,0.00063
SA13-108,SA13_108-08,8.8,1031,14,0.282391,1.1E-05,0.00065
SA13-108,SA13_108-34,9.1,497,9,0.282327,1.1E-05,0.00034
SA13-108,SA13_108-28,9.6,625,12,0.282424,8E-06,0.0003
SA13-108,SA13-108-68,10.6,1044,16,0.282104,1.3E-05,0.00071
SA13-108,SA13-108-80,11,524,8,0.282343,1.1E-05,0.00019
SA13-108,SA13_108-19,12.5,521,12,0.282489,1.3E-05,0.00035
SA13-108,SA13-108-97,12.7,1164,25,0.282216,1.1E-05,0.00125
SA13-108,SA13_108-12,15.5,567,12,0.282437,1.1E-05,0.0006
SA13-108,SA13-108-63,15.5,913,21,0.282404,1.1E-05,0.0018
SA13-108,SA13-108-48rr,15.7,674,21,0.282468,1.4E-05,0.00162
SA13-108,SA13-108-67,15.9,609,11,0.28245,1.4E-05,0.00069
SA13-108,SA13-108-50,22.1,588,11,0.282443,1.2E-05,0.00112
SA13-108,SA13-108-51,25.5,518,15,0.28243,1.1E-05,0.0008
SA13-108,SA13-108-74,27,675,18,0.282164,1.1E-05,0.00116
SA13-108,SA13-108-66,33.1,500,12,0.282388,9E-06,0.0005
SA13-108,SA13-108-99,-60.3,694,20,0.28244,1E-05,0.00041
SA13-108,SA13-108-49,-42,574,9,0.282494,1.2E-05,0.00026
SA13-108,SA13_108-39,-32.5,856,18,0.282322,9E-06,0.00073
SA13-108,SA13-108-47,-27,528,21,0.282262,1.7E-05,0.00062
SA13-108,SA13-108-58,-22,703,16,0.282509,1.1E-05,0.00059
SA13-108,SA13-108-78,-21.6,560,12,0.281812,1E-05,0.0004
SA13-108,SA13-108-82,-20.9,499,12,0.282399,1.1E-05,0.0006
SA13-108,SA13-108-93,-20.5,485,10,0.282346,1E-05,0.00038
SA13-108,SA13_108-02,-20.1,900,9,0.282247,1.1E-05,0.00139
SA13-108,SA13_108-33,-19.8,2138,20,0.280836,1E-05,0.0003
SA13-108,SA13_108-14,-17.5,637,14,0.28256,8E-06,0.00198
SA13-108,SA13-108-96,-17.5,534,21,0.282451,1.1E-05,0.00039
SA13-108,SA13_108-13,-15.2,587,10,0.282426,8E-06,3E-05
SA13-108,SA13_108-17,-14.9,710,14,0.282353,1.1E-05,0.00084
SA13-108,SA13_108-44,-14.9,546,13,0.282426,1.1E-05,0.00018
SA13-108,SA13_108-43,-14.6,611,16,0.282451,9E-06,0.00091
SA13-108,SA13-108-64,-14.4,1059,25,0.282367,1E-05,0.00074
SA13-108,SA13_108-15,-12.3,984,14,0.281736,1.1E-05,0.00068
SA13-108,SA13_108-42,-20.3,278,5,0.282311,1.5E-05,0.00047
SA13-108,SA13-108-84,-11.7,609,14,0.282392,1.1E-05,0.00019
SA13-108,SA13_108-22,-11.4,549,10,0.2825,1E-05,0.0007
SA13-108,SA13_108-55,-10.4,522,13,0.282462,1.3E-05,0.00072
SA13-108,SA13_108-32,-10.2,696,13,0.282434,1.2E-05,0.00109
SA13-108,SA13_108-11,-10,554,14,0.282456,9E-06,0.00031
SA13-108,SA13_108-27,-9.9,938,15,0.282198,1.5E-05,0.00105
SA13-108,SA13_108-21,-9.5,1008,20,0.282394,1.2E-05,0.00081
SA13-108,SA13_108-20,-9.2,967,12,0.282339,7E-06,0.00076
SA13-108,SA13_108-31,-8.8,559,9,0.282412,1.1E-05,0.00137
SA13-108,SA13_108-29,-8.6,594,12,0.282329,1.1E-05,0.00045
SA13-108,SA13-108-53,-8.6,674,13,0.28243,8E-06,0.00043
SA13-108,SA13_108-04,-8.5,1039,16,0.281633,1E-05,0.00103
SA13-108,SA13_108-25,-8.3,933,16,0.282233,1E-05,0.00063
SA13-108,SA13-108-69,-8,986,19,0.282445,1.6E-05,0.00186
SA13-108,SA13-108-76,-7.8,581,15,0.282301,1E-05,2E-05
SA13-108,SA13_108-16,-7.5,1065,14,0.281984,1E-05,0.00066
SA13-108,SA13-108-59,-7.4,998,27,0.28225,8E-06,0.00104
SA13-108,SA13_108-24,-7.1,1024,16,0.282192,1.1E-05,0.0006
SA13-108,SA13_108-30,-6.5,673,12,0.282428,1.2E-05,0.00184
SA13-108,SA13-108-48,-6.1,1021,16,0.282468,1.4E-05,0.00162
SA13-108,SA13_108-26,-5.5,701,11,0.282468,8E-06,0.0006
SA13-108,SA13-108-73,-5.1,947,15,0.282177,1.1E-05,0.00058
SA13-108,SA13-108-70,-4.6,509,9,0.282358,1E-05,0.00034
SA13-108,SA13-108-86,-4.6,526,12,0.28233,1E-05,0.0005
SA13-108,SA13_108-23,-4.4,548,18,0.282451,1.2E-05,0.00092
SA13-108,SA13-108-62,-4.4,989,23,0.282345,1E-05,0.00131
SA13-108,SA13-108-81,-4.2,576,10,0.282447,9E-06,0.0004
SA13-108,SA13-108-46,-3.6,660,14,0.282444,9E-06,0.00065
SA13-108,SA13-108-57,-2.7,990,18,0.282307,1.1E-05,0.00034
SA13-108,SA13-108-79,-2.6,1067,17,0.281766,1.1E-05,0.00097
SA13-108,SA13-108-85,-2.6,1095,18,0.282212,1E-05,0.00066
SA13-108,SA13-108-56,-2.5,591,12,0.282217,2E-05,0.00333
SA13-108,SA13-108-88,-1.3,507,12,0.282219,1.5E-05,0.0004
SA13-108,SA13-108-61,-1,1111,20,0.282175,1E-05,0.00125
SA13-108,SA13-108-75,-0.8,506,11,0.282222,1.3E-05,0.00047
SA13-108,SA13-108-83,-0.7,1010,13,0.28235,1E-05,0.0005
SA13-108,SA13_108-36,-0.6,501,8,0.282382,1.1E-05,0.00045
SA13-108,SA13_108-40,-0.6,545,11,0.282182,1E-05,0.00044
SA13-108,SA13-108-71,-0.5,993,13,0.282355,1E-05,0.00071
SA13-108,SA13_108-18,-0.4,515,12,0.282337,1.1E-05,0.00042
SA13-108,SA13_108-41,-0.3,1049,20,0.28242,8E-06,0.00036
SA13-108,SA13_108-06,-0.1,506,6,0.28193,1.5E-05,0.00059
SA13-108,SA13-108-99rr,0.1,520,11,0.282449,1.1E-05,0.00031
SA13-108,SA13_108-01,0.2,1077,8,0.28238,1.2E-05,0.00075
SA13-108,SA13-108-89,0.5,1085,22,0.282237,1.1E-05,0.00072
SA13-108,SA13_108-37,1,1052,16,0.282431,1.2E-05,0.00035
SA13-108,SA13-108-45,1.1,583,9,0.282349,9E-06,0.00164
SA13-108,SA13-108-72,1.2,614,8,0.282451,1.1E-05,0.00038
SA13-108,SA13-108-98,1.2,597,10,0.28244,1E-05,0.00041
SA13-108,SA13_108-07,1.5,677,10,0.282309,1.4E-05,0.00164
SA13-108,SA13-108-91,1.5,590,10,0.282529,1.2E-05,0.0004
SA13-108,SA13_108-05,2.2,1097,13,0.282224,1E-05,0.00059
SA13-108,SA13_108-10,2.4,927,15,0.2824,1.6E-05,0.00023
SA13-108,SA13-108-92,2.4,528,9,0.282427,1.1E-05,5E-05
SA13-108,SA13-108-94,2.4,945,11,0.282204,1E-05,0.00075
SA13-108,SA13-108-99,-60.3,694,20,0.28244,1E-05,0.00041
SA13-108,SA13-108-49,-42,574,9,0.282494,1.2E-05,0.00026
SA13-108,SA13_108-39,-32.5,856,18,0.282322,9E-06,0.00073
SA13-108,SA13-108-47,-27,528,21,0.282262,1.7E-05,0.00062
SA13-108,SA13-108-58,-22,703,16,0.282509,1.1E-05,0.00059
SA13-108,SA13-108-78,-21.6,560,12,0.281812,1E-05,0.0004
SA13-108,SA13-108-82,-20.9,499,12,0.282399,1.1E-05,0.0006
SA13-108,SA13-108-93,-20.5,485,10,0.282346,1E-05,0.00038
SA13-108,SA13_108-02,-20.1,900,9,0.282247,1.1E-05,0.00139
SA13-108,SA13_108-33,-19.8,2138,20,0.280836,1E-05,0.0003
SA13-108,SA13_108-14,-17.5,637,14,0.28256,8E-06,0.00198
SA13-108,SA13-108-96,-17.5,534,21,0.282451,1.1E-05,0.00039
SA13-108,SA13_108-13,-15.2,587,10,0.282426,8E-06,3E-05
SA13-108,SA13_108-17,-14.9,710,14,0.282353,1.1E-05,0.00084
SA13-108,SA13_108-44,-14.9,546,13,0.282426,1.1E-05,0.00018
SA13-108,SA13_108-43,-14.6,611,16,0.282451,9E-06,0.00091
SA13-108,SA13-108-64,-14.4,1059,25,0.282367,1E-05,0.00074
SA13-108,SA13_108-15,-12.3,984,14,0.281736,1.1E-05,0.00068
SA13-108,SA13_108-42,-20.3,278,5,0.282311,1.5E-05,0.00047
SA13-108,SA13-108-84,-11.7,609,14,0.282392,1.1E-05,0.00019
SA13-108,SA13_108-22,-11.4,549,10,0.2825,1E-05,0.0007
SA13-108,SA13_108-55,-10.4,522,13,0.282462,1.3E-05,0.00072
SA13-108,SA13_108-32,-10.2,696,13,0.282434,1.2E-05,0.00109
SA13-108,SA13_108-11,-10,554,14,0.282456,9E-06,0.00031
SA13-108,SA13_108-27,-9.9,938,15,0.282198,1.5E-05,0.00105
SA13-108,SA13_108-21,-9.5,1008,20,0.282394,1.2E-05,0.00081
SA13-108,SA13_108-20,-9.2,967,12,0.282339,7E-06,0.00076
SA13-108,SA13_108-31,-8.8,559,9,0.282412,1.1E-05,0.00137
SA13-108,SA13_108-29,-8.6,594,12,0.282329,1.1E-05,0.00045
SA13-108,SA13-108-53,-8.6,674,13,0.28243,8E-06,0.00043
SA13-108,SA13_108-04,-8.5,1039,16,0.281633,1E-05,0.00103
SA13-108,SA13_108-25,-8.3,933,16,0.282233,1E-05,0.00063
SA13-108,SA13-108-69,-8,986,19,0.282445,1.6E-05,0.00186
SA13-108,SA13-108-76,-7.8,581,15,0.282301,1E-05,2E-05
SA13-108,SA13_108-16,-7.5,1065,14,0.281984,1E-05,0.00066
SA13-108,SA13-108-59,-7.4,998,27,0.28225,8E-06,0.00104
SA13-108,SA13_108-24,-7.1,1024,16,0.282192,1.1E-05,0.0006
SA13-108,SA13_108-30,-6.5,673,12,0.282428,1.2E-05,0.00184
SA13-108,SA13-108-48,-6.1,1021,16,0.282468,1.4E-05,0.00162
SA13-108,SA13_108-26,-5.5,701,11,0.282468,8E-06,0.0006
SA13-108,SA13-108-73,-5.1,947,15,0.282177,1.1E-05,0.00058
SA13-108,SA13-108-70,-4.6,509,9,0.282358,1E-05,0.00034
SA13-108,SA13-108-86,-4.6,526,12,0.28233,1E-05,0.0005
SA13-108,SA13_108-23,-4.4,548,18,0.282451,1.2E-05,0.00092
SA13-108,SA13-108-62,-4.4,989,23,0.282345,1E-05,0.00131
SA13-108,SA13-108-81,-4.2,576,10,0.282447,9E-06,0.0004
SA13-108,SA13-108-46,-3.6,660,14,0.282444,9E-06,0.00065
SA13-108,SA13-108-57,-2.7,990,18,0.282307,1.1E-05,0.00034
SA13-108,SA13-108-79,-2.6,1067,17,0.281766,1.1E-05,0.00097
SA13-108,SA13-108-85,-2.6,1095,18,0.282212,1E-05,0.00066
SA13-108,SA13-108-56,-2.5,591,12,0.282217,2E-05,0.00333
SA13-108,SA13-108-88,-1.3,507,12,0.282219,1.5E-05,0.0004
SA13-108,SA13-108-61,-1,1111,20,0.282175,1E-05,0.00125
SA13-108,SA13-108-75,-0.8,506,11,0.282222,1.3E-05,0.00047
SA13-108,SA13-108-83,-0.7,1010,13,0.28235,1E-05,0.0005
SA13-108,SA13_108-36,-0.6,501,8,0.282382,1.1E-05,0.00045
SA13-108,SA13_108-40,-0.6,545,11,0.282182,1E-05,0.00044
SA13-108,SA13-108-71,-0.5,993,13,0.282355,1E-05,0.00071
SA13-108,SA13_108-18,-0.4,515,12,0.282337,1.1E-05,0.00042
SA13-108,SA13_108-41,-0.3,1049,20,0.28242,8E-06,0.00036
SA13-108,SA13_108-06,-0.1,506,6,0.28193,1.5E-05,0.00059
SA13-108,SA13-108-99rr,0.1,520,11,0.282449,1.1E-05,0.00031
SA13-108,SA13_108-01,0.2,1077,8,0.28238,1.2E-05,0.00075
SA13-108,SA13-108-89,0.5,1085,22,0.282237,1.1E-05,0.00072
SA13-108,SA13_108-37,1,1052,16,0.282431,1.2E-05,0.00035
SA13-108,SA13-108-45,1.1,583,9,0.282349,9E-06,0.00164
SA13-108,SA13-108-72,1.2,614,8,0.282451,1.1E-05,0.00038
SA13-108,SA13-108-98,1.2,597,10,0.28244,1E-05,0.00041
SA13-108,SA13_108-07,1.5,677,10,0.282309,1.4E-05,0.00164
SA13-108,SA13-108-91,1.5,590,10,0.282529,1.2E-05,0.0004
SA13-108,SA13_108-05,2.2,1097,13,0.282224,1E-05,0.00059
SA13-108,SA13_108-10,2.4,927,15,0.2824,1.6E-05,0.00023
SA13-108,SA13-108-92,2.4,528,9,0.282427,1.1E-05,5E-05
SA13-108,SA13-108-94,2.4,945,11,0.282204,1E-05,0.00075
SA13-108,SA13-108-54,2.5,914,15,0.282462,1.1E-05,0.00089
SA13-108,SA13_108-03,2.6,645,6,0.28254,1E-05,0.00066
SA13-108,SA13-108-90,3.1,614,12,0.282423,1.1E-05,0.00051
SA13-108,SA13-108-95,3.2,479,12,0.282208,1.1E-05,0.00051
SA13-108,SA13_108-09,4.7,1118,12,0.282231,1.1E-05,0.00166
SA13-108,SA13_108-35,5.5,498,9,0.282382,1.1E-05,0.00045
SA13-108,SA13-108-65,5.5,1054,21,0.282406,1E-05,0.0008
SA13-108,SA13-108-60,5.8,544,13,0.282512,1.1E-05,0.00041
SA13-108,SA13-108-87,6,1004,15,0.28242,1.2E-05,0.00121
SA13-108,SA13-108-77,7.3,532,16,0.282422,1E-05,0.00021
SA13-108,SA13-108-52,7.7,525,10,0.282451,8E-06,0.00063
SA13-108,SA13_108-08,8.8,1031,14,0.282391,1.1E-05,0.00065
SA13-108,SA13_108-34,9.1,497,9,0.282327,1.1E-05,0.00034
SA13-108,SA13_108-28,9.6,625,12,0.282424,8E-06,0.0003
SA13-108,SA13-108-68,10.6,1044,16,0.282104,1.3E-05,0.00071
SA13-108,SA13-108-80,11,524,8,0.282343,1.1E-05,0.00019
SA13-108,SA13_108-19,12.5,521,12,0.282489,1.3E-05,0.00035
SA13-108,SA13-108-97,12.7,1164,25,0.282216,1.1E-05,0.00125
SA13-108,SA13_108-12,15.5,567,12,0.282437,1.1E-05,0.0006
SA13-108,SA13-108-63,15.5,913,21,0.282404,1.1E-05,0.0018
SA13-108,SA13-108-48rr,15.7,674,21,0.282468,1.4E-05,0.00162
SA13-108,SA13-108-67,15.9,609,11,0.28245,1.4E-05,0.00069
SA13-108,SA13-108-50,22.1,588,11,0.282443,1.2E-05,0.00112
SA13-108,SA13-108-51,25.5,518,15,0.28243,1.1E-05,0.0008
SA13-108,SA13-108-74,27,675,18,0.282164,1.1E-05,0.00116
SA13-108,SA13-108-66,33.1,500,12,0.282388,9E-06,0.0005
SA13_111,SA13_111-85,-92.6,3596,17,,,
SA13_111,SA13-111-227,-38.5,2476,13,0.281051,1.3E-05,0.00188
SA13_111,SA13-111-212,-36.3,977,16,0.282418,1.6E-05,0.00284
SA13_111,SA13_111-42,-36,547,6,0.282193,9E-06,0.00079
SA13_111,SA13_111-87,-27.7,728,13,,,
SA13_111,SA13-111-204,-21.3,1237,11,0.281787,1.7E-05,0.00119
SA13_111,SA13_111-62,-21.3,540,6,0.282242,1.1E-05,0.00144
SA13_111,SA13_111-07,-20.4,1034,21,0.282378,1E-05,0.00134
SA13_111,SA13_111-06,-20.3,858,16,0.28232,9E-06,0.00025
SA13_111,SA13_111-72,-18.8,897,10,0.282482,1.3E-05,0.00047
SA13_111,SA13_111-38,-18.7,605,5,0.281794,1.2E-05,0.00105
SA13_111,SA13_111-69,-18.1,624,8,0.282206,8E-06,0.00034
SA13_111,SA13_111-01,-18,592,11,0.282426,1.4E-05,0.00069
SA13_111,SA13_111-56,-17.9,774,8,0.282253,1.2E-05,0.00067
SA13_111,SA13_111-04,-17.7,935,17,0.282373,1E-05,0.00114
SA13_111,SA13_111-15,-16.9,924,26,0.282504,1.2E-05,0.00058
SA13_111,SA13_111-43,-16.8,747,7,0.282261,1.8E-05,0.00044
SA13_111,SA13-111-223,-16.3,509,9,0.282364,1.1E-05,0.00042
SA13_111,SA13-111-225,-15.5,1045,11,0.282249,1.1E-05,0.00114
SA13_111,SA13_111-02,-5.1,605,11,0.282396,1.9E-05,0.00124
SA13_111,SA13_111-03,-4.6,1015,21,0.282188,1E-05,0.00057
SA13_111,SA13_111-05,-1.7,1138,21,0.281607,1.1E-05,0.00136
SA13_111,SA13_111-08,-5.7,1065,22,0.282291,1.1E-05,0.00062
SA13_111,SA13_111-09,-7.7,957,24,0.281843,1.1E-05,0.0006
SA13_111,SA13_111-10,1.4,1126,29,0.281802,1.5E-05,0.00063
SA13_111,SA13_111-101,4.5,583,19,,,
SA13_111,SA13_111-102,-3.4,1065,26,0.282578,1.1E-05,0.00178
SA13_111,SA13_111-103-riktig,-5.8,510,13,0.282427,1E-05,0.00063
SA13_111,SA13_111-105,9.9,502,15,0.282443,1.2E-05,0.00184
SA13_111,SA13_111-106,-7.1,596,15,0.282246,1E-05,0.00082
SA13_111,SA13_111-107,-11.3,1004,25,0.282315,1.4E-05,0.0029
SA13_111,SA13_111-108,-9.8,1035,25,0.282451,9E-06,0.00183
SA13_111,SA13_111-109,-4,1019,26,0.281963,1.1E-05,0.001
SA13_111,SA13_111-110,-1.5,1116,27,0.28252,1.2E-05,0.00095
SA13_111,SA13_111-111,-20.9,492,13,0.282428,9E-06,0.00089
SA13_111,SA13_111-112,14.4,473,12,0.282243,1E-05,0.00116
SA13_111,SA13_111-12,0.4,667,18,0.282192,1E-05,0.0003
SA13_111,SA13_111-13,3.9,641,19,0.282463,1.1E-05,0.00068
SA13_111,SA13_111-14,4.5,1051,30,0.28237,2.2E-05,0.0062
SA13_111,SA13_111-16,-3.3,1134,32,0.282482,1.1E-05,0.00076
SA13_111,SA13_111-17,-7.6,515,15,0.282339,1.4E-05,0.00143
SA13_111,SA13_111-18,-0.7,1099,31,0.282364,1E-05,0.00066
SA13_111,SA13_111-19,-9.7,801,25,0.281986,1.1E-05,0.00062
SA13_111,SA13_111-20,0.7,659,22,0.281734,1E-05,0.00065
SA13_111,SA13_111-25,-21.8,521,64,0.28237,1.1E-05,0.00204
SA13_111,SA13_111-26,-20.9,535,68,0.282418,1.3E-05,0.00058
SA13_111,SA13_111-37,5.5,795,8,0.282518,9E-06,0.00106
SA13_111,SA13_111-39,-9.2,1071,11,0.282429,9E-06,0.00064
SA13_111,SA13_111-40,-3.7,992,9,0.282428,1E-05,0.00107
SA13_111,SA13_111-41,2.3,1099,13,0.282428,1E-05,0.00038
SA13_111,SA13_111-44,-0.1,1104,8,0.282379,1.1E-05,0.0017
SA13_111,SA13_111-45,-10.7,832,12,0.282377,1.2E-05,0.00048
SA13_111,SA13_111-46,-6.4,846,7,0.28235,1.5E-05,0.00197
SA13_111,SA13_111-47,-6.7,1054,8,0.28235,1.5E-05,0.00197
SA13_111,SA13_111-48,5.8,669,6,0.28226,9E-06,0.00038
SA13_111,SA13_111-49,8.6,632,6,0.282165,1.5E-05,0.00059
SA13_111,SA13_111-50,6.1,726,7,0.282178,1.1E-05,0.0011
SA13_111,SA13_111-51,-8.9,1043,11,0.282429,1.2E-05,0.00071
SA13_111,SA13_111-52,0.5,541,7,0.282375,1E-05,0.00079
SA13_111,SA13_111-53,-9.2,965,12,0.282195,8E-06,0.00101
SA13_111,SA13_111-54,6.6,564,6,0.282571,1.1E-05,0.00066
SA13_111,SA13_111-55,4.1,999,16,0.282432,1.1E-05,0.00102
SA13_111,SA13_111-57,3,1096,12,0.282494,1.3E-05,0.00122
SA13_111,SA13_111-59,-2.8,555,6,0.282305,8E-06,0.00037
SA13_111,SA13_111-60,0.8,601,7,0.282325,1.2E-05,0.00116
SA13_111,SA13_111-61,9.2,943,14,0.282392,1.1E-05,0.00069
SA13_111,SA13_111-63,2,531,6,0.282596,1.2E-05,0.0017
SA13_111,SA13_111-64,-0.7,658,7,0.282596,1.2E-05,0.0017
SA13_111,SA13_111-65,-1.4,757,9,0.282444,1.1E-05,0.00059
SA13_111,SA13_111-66,-4.3,599,6,0.281961,1.1E-05,0.00086
SA13_111,SA13_111-67,-14.2,892,21,0.282401,1.1E-05,0.00161
SA13_111,SA13_111-68,0.8,648,10,0.282357,1E-05,0.00055
SA13_111,SA13_111-70,4.8,633,8,0.28221,1.1E-05,0.00098
SA13_111,SA13_111-71,0.1,1100,11,0.282412,1.3E-05,0.00138
SA13_111,SA13_111-73,-2.5,747,8,0.282229,1E-05,0.00046
SA13_111,SA13_111-74,2.7,636,8,0.282187,1.3E-05,0.00075
SA13_111,SA13_111-75,-4.3,1015,11,0.282362,1E-05,0.00057
SA13_111,SA13_111-77,9.8,515,9,0.282566,1.7E-05,0.00819
SA13_111,SA13_111-78,-5.7,877,12,0.281798,1.7E-05,0.00242
SA13_111,SA13_111-79,11,513,8,0.282384,1.2E-05,0.00059
SA13_111,SA13_111-80,4.1,818,13,0.282258,1E-05,0.00114
SA13_111,SA13_111-81,-4.7,528,9,0.282412,1E-05,0.00073
SA13_111,SA13_111-82,-0.9,998,15,0.282357,1.2E-05,0.0011
SA13_111,SA13_111-84,-4.2,504,8,,,
SA13_111,SA13_111-88,7.3,777,14,,,
SA13_111,SA13_111-89,-7.5,494,9,,,
SA13_111,SA13_111-90,-2.7,1067,18,,,
SA13_111,SA13_111-91,-3.6,1005,20,,,
SA13_111,SA13-111-201,-4.8,1135,14,0.281732,1.1E-05,0.00066
SA13_111,SA13-111-202,-0.1,623,11,0.282422,1.1E-05,0.00059
SA13_111,SA13-111-203,-5.9,616,11,0.282436,1.7E-05,0.00195
SA13_111,SA13-111-205,-0.9,547,9,0.28236,1.1E-05,0.0002
SA13_111,SA13-111-206,-28.6,528,14,0.282461,1.1E-05,0.00059
SA13_111,SA13-111-207,-5.1,1006,12,0.282383,1.2E-05,0.00041
SA13_111,SA13-111-208,-11.1,1001,11,0.282205,1E-05,0.00045
SA13_111,SA13-111-209,-1.1,662,11,0.282589,9E-06,0.00082
SA13_111,SA13-111-210,-2.9,607,10,0.282415,1E-05,0.00033
SA13_111,SA13-111-211,-5.7,725,15,,,
SA13_111,SA13-111-213,-5.1,481,8,0.28244,1.8E-05,0.00039
SA13_111,SA13-111-214,-2.3,1038,10,0.282394,1.6E-05,0.00144
SA13_111,SA13-111-215,-7.9,1054,12,0.282012,1.4E-05,0.00074
SA13_111,SA13-111-216,-4.8,1033,11,0.282328,1.3E-05,0.00107
SA13_111,SA13-111-217,-1.9,613,10,0.282423,1.6E-05,0.0008
SA13_111,SA13-111-218,-1.7,1074,11,0.28217,1.4E-05,0.00069
SA13_111,SA13-111-219,-4.1,554,9,0.282262,1E-05,0.00059
SA13_111,SA13-111-220,-9.5,797,12,0.282254,1.3E-05,0.00092
SA13_111,SA13-111-221,-12.9,617,10,0.28244,1.1E-05,0.0013
SA13_111,SA13-111-222,-8.4,612,12,0.281717,1.1E-05,0.00034
SA13_111,SA13-111-224,-0.6,1077,15,,,
SA13_111,SA13-111-226,-0.8,1061,11,0.281802,1.2E-05,0.00097
SA13_111,SA13-111-228,4.6,487,9,0.282279,1.4E-05,0.00066
SA13_111,SA13-111-229,-0.2,492,9,0.282217,1.4E-05,0.00037
SA13_111,SA13-111-230,-7.7,469,8,0.282408,1.3E-05,0.00062
SA13_111,SA13-111-231,1.5,1039,13,0.282177,1E-05,0.00093
SA13_111,SA13-111-232,3.8,468,8,0.282418,1.1E-05,0.00064
SA13_111,SA13-111-233,-5.2,586,10,0.282515,1.2E-05,0.00068
SA13_111,SA13_111-58,8.9,1136,14,0.281757,8E-06,0.00053
SA13_111,SA13_111-86,14.9,548,8,,,
SA13_111,SA13_111-76,20.3,723,15,0.282566,1.7E-05,0.00819
SA13_111,SA13_111-83,29.5,899,12,,,
SA13_111,SA13_111-101,4.5,583,19,,,
SA13_111,SA13_111-102,-3.4,1065,26,,,
SA13_111,SA13_111-10,-5.8,510,13,,,
SA13_111,SA13_111-105,9.9,502,15,,,
SA13_111,SA13_111-106,-7.1,596,15,,,
SA13_111,SA13_111-107,-11.3,1004,25,,,
SA13_111,SA13_111-108,-9.8,1035,25,,,
SA13_111,SA13_111-109,-4,1019,26,,,
SA13_111,SA13_111-110,-1.5,1116,27,,,
SA13_111,SA13_111-111,-20.9,492,13,,,
SA13_111,SA13_111-112,14.4,473,12,,,
SA13_111,SA13_111-32,1.6,1126,99,,,
SA13_111,SA13_111-35,2.8,1010,97,,,
SA13_111,SA13_111-34,3.4,813,104,,,
SA13_111,SA13_111-36,3.5,621,83,,,
SA13_111,SA13_111-21,-5,1089,89,0.282376,1.3E-05,0.00342
SA13_111,SA13_111-22,-3.1,506,60,0.281775,1E-05,0.00148
SA13_111,SA13_111-23,-6.9,1034,96,0.28225,1.2E-05,0.00128
SA13_111,SA13_111-24,-6.2,1002,91,0.282236,1.2E-05,0.00098
SA13_111,SA13_111-27,-9.6,1086,94,0.282347,1.3E-05,0.00059
SA13_111,SA13_111-29,-3.6,1104,89,0.282518,1.2E-05,0.00055
SA13_111,SA13_111-30,-10.5,1205,89,0.282119,1.3E-05,0.00126
SA13_111,SA13_111-31,-14.4,1066,92,0.282193,1.3E-05,0.0008
SA13_111,SA13_111-32,1.6,1126,99,0.282112,1.3E-05,0.00149
SA13_111,SA13_111-33,-15.5,826,98,0.282316,1.5E-05,0.00107
SA13_111,SA13_111-34,3.4,813,104,0.282249,1.2E-05,0.00062
SA13_111,SA13_111-35,2.8,1010,97,0.282238,1.2E-05,0.00428
SA13_111,SA13_111-36,3.5,621,83,0.282388,1.1E-05,0.00109
SA13_112,SA13_112-14,-29.6,506,9,0.282282,1.2E-05,0.00076
SA13_112,SA13-112-206,-21.4,876,23,0.282321,1.1E-05,0.00132
SA13_112,SA13-112-207,-21.6,464,14,0.282278,1.1E-05,0.00021
SA13_112,SA13-112-208,-20.1,626,17,0.282344,1.3E-05,0.00045
SA13_112,SA13-112-209,-29.3,478,13,0.28246,1.6E-05,0.00356
SA13_112,SA13-112-212,-15.5,272,7,0.282293,1.1E-05,0.00096
SA13_112,SA13-112-214,-20.8,904,21,0.282324,1.1E-05,0.00074
SA13_112,SA13-112-221,-58.2,939,20,0.282451,1.5E-05,0.00413
SA13_112,SA13-112-225,-21.5,1970,21,0.28165,1.1E-05,0.00148
SA13_112,SA13-112-226,-33.3,457,14,0.282384,1.1E-05,0.00154
SA13_112,SA13-112-230,-51.1,326,10,0.282356,5E-06,0.00088
SA13_112,SA13_112-12,-14.8,820,9,0.282239,1E-05,0.00054
SA13_112,SA13-112-203,-12.4,548,14,,,
SA13_112,SA13-112-211,-9.6,956,19,,,
SA13_112,SA13-112-217,-11.6,600,15,,,
SA13_112,SA13-112-219,-8.4,626,17,,,
SA13_112,SA13-112-222,-7.9,1041,21,,,
SA13_112,SA13_112-02,-4.6,561,4,0.282416,1E-05,0.00069
SA13_112,SA13_112-03,-2.8,515,5,0.282333,1.1E-05,0.00043
SA13_112,SA13_112-04,5.2,282,4,0.282601,1.8E-05,0.00211
SA13_112,SA13_112-05,8.5,642,7,0.282437,1.1E-05,0.00061
SA13_112,SA13_112-06,9.4,662,8,0.282447,7E-06,0.00049
SA13_112,SA13_112-07,-9.6,515,5,0.282321,1.1E-05,0.00039
SA13_112,SA13_112-08,1,999,10,0.282398,1.1E-05,0.0017
SA13_112,SA13_112-09,-20.3,512,9,0.282271,1.5E-05,0.0005
SA13_112,SA13_112-10,0.1,1024,13,0.282253,1.3E-05,0.00088
SA13_112,SA13_112-13,-5.4,531,6,0.282477,9E-06,0.00046
SA13_112,SA13_112-15,-13.6,487,6,0.28231,1.2E-05,0.00064
SA13_112,SA13_112-16,8.4,634,7,0.282466,1.1E-05,0.00045
SA13_112,SA13_112-17,7.1,628,8,0.282556,9E-06,0.00014
SA13_112,SA13_112-19,0.3,499,6,0.282377,1.2E-05,0.00031
SA13_112,SA13_112-24,5.4,611,16,,,
SA13_112,SA13_112-23,-7.2,499,14,,,
SA13_112,SA13_112-22,0.5,505,16,,,
SA13_112,SA13_112-21,6.6,582,20,,,
SA13_112,SA13_112-01,12.3,625,8,0.282467,1E-05,0.00113
SA13_112,SA13-112-201,-5.5,509,12,0.282453,1.3E-05,0.00084
SA13_112,SA13-112-202,-5.3,502,13,0.282273,1E-05,0.00045
SA13_112,SA13-112-204,-1,596,15,0.282413,1.1E-05,0.00048
SA13_112,SA13-112-205,0.7,491,12,0.28231,1.2E-05,0.00049
SA13_112,SA13-112-210,-4.6,739,19,,,
SA13_112,SA13-112-213,4.5,815,19,,,
SA13_112,SA13-112-215,-3.6,591,17,,,
SA13_112,SA13-112-216,-0.7,1129,18,,,
SA13_112,SA13-112-218,-3.5,527,14,0.282404,1.2E-05,0.00029
SA13_112,SA13-112-220,-9.4,256,7,0.282552,1.8E-05,0.0008
SA13_112,SA13-112-223,-5.7,1012,20,0.282442,1.5E-05,0.00082
SA13_112,SA13-112-224,-9.2,276,8,,,
SA13_112,SA13-112-227,-0.9,252,7,0.282542,1.1E-05,0.00086
SA13_112,SA13-112-228,-6.3,497,14,0.282504,1.1E-05,0.00045
SA13_112,SA13-112-229,-3.5,253,7,0.2826,1.1E-05,0.00098
SA13_112,SA13-112-231,-5.7,608,18,0.282461,9E-06,0.00076
SA13_113,SA13_113_004,-62.2,705,37,,,
SA13_113,SA13_113-020,-22.8,608,7,0.282179,9E-06,0.00113
SA13_113,SA13_113-030,-24.9,536,6,0.282384,1E-05,0.00142
SA13_113,SA13_113-006rr,-28.6,524,6,0.282415,9E-06,0.00038
SA13_113,SA13_113-069,-22.6,482,5,0.282478,1.1E-05,0.00052
SA13_113,SA13_113-078,-22.6,468,6,0.282104,7E-06,3E-05
SA13_113,SA13_113-097,-32.6,308,3,0.282635,1E-05,0.00088
SA13_113,SA13_113-028,-26.1,294,4,0.282646,9E-06,0.00159
SA13_113,SA13_113-008,-25.1,292,3,0.282637,1.3E-05,0.00216
SA13_113,SA13_113-010,-24.2,281,3,0.282645,1E-05,0.00142
SA13_113,SA13_113-011,-33.5,279,3,0.282582,1.4E-05,0.00202
SA13_113,SA13_113-044,-40.2,270,3,0.282647,1.7E-05,0.00211
SA13_113,SA13_113-039,-36.5,269,3,0.282583,1E-05,0.00057
SA13_113,SA13_113-041,-23.9,268,3,0.282574,1.1E-05,0.0015
SA13_113,SA13_113-077,-38.8,262,4,0.282556,9E-06,0.00177
SA13_113,SA13_113-096,-24.7,253,2,0.282533,9E-06,0.00055
SA13_113,SA13_113-070,-31.8,252,3,0.28253,1E-05,0.00096
SA13_113,SA13_113-042,-25.9,249,3,0.282603,1E-05,0.00059
SA13_113,SA13_113-085,-37.8,243,3,0.282601,9E-06,0.00084
SA13_113,SA13_113-076,-34.8,223,4,0.282533,1.2E-05,0.00168
SA13_113,SA13_113-068,-21.2,266,2,0.282578,8E-06,0.00054
SA13_113,SA13_113-045,-20.4,283,3,0.282695,6E-06,0.00059
SA13_113,SA13_113-031,-20.4,288,3,0.28256,9E-06,0.00169
SA13_113,SA13_113-029,-20,272,3,0.282553,1E-05,0.00103
SA13_113,SA13_113-063,-19.4,318,3,0.282633,9E-06,0.00182
SA13_113,SA13_113-049,-17.6,263,3,0.282558,1E-05,0.00144
SA13_113,SA13_113-017,-16.5,273,3,0.282543,1.4E-05,0.002
SA13_113,SA13_113-037,-15.1,279,3,0.282586,1E-05,0.00051
SA13_113,SA13_113_005,-14.7,279,19,0.282553,8E-06,0.00148
SA13_113,SA13_113-018,-14.1,251,3,0.282574,1E-05,0.00095
SA13_113,SA13_113-051,-14,796,10,0.282319,1.3E-05,0.00094
SA13_113,SA13_113-047,-13.7,280,3,0.282668,1E-05,0.00077
SA13_113,SA13_113-023,-12.2,261,3,0.282611,1.2E-05,0.00176
SA13_113,SA13_113-066,-12,266,2,0.282566,1.2E-05,0.00108
SA13_113,SA13_113-062,-8.9,298,4,0.282622,9E-06,0.00063
SA13_113,SA13_113-084,-8.8,570,5,0.282536,1.2E-05,0.00174
SA13_113,SA13_113-072,-8.7,934,8,0.281875,9E-06,0.00052
SA13_113,SA13_113-081,-8.6,650,6,0.282286,1.2E-05,0.00123
SA13_113,SA13_113-021,-7.1,589,6,0.282414,8E-06,0.00083
SA13_113,SA13_113-054,-7,1005,9,0.282192,7E-06,0.00152
SA13_113,SA13_113-073,-6.8,379,4,0.282586,1E-05,0.00094
SA13_113,SA13_113-053,-6.8,555,6,0.282359,8E-06,0.00062
SA13_113,SA13_113-019,-6.2,1090,10,0.282261,1.2E-05,0.00059
SA13_113,SA13_113-035,-6.1,536,5,0.282373,1.5E-05,0.00136
SA13_113,SA13_113-052,-6,997,11,0.282244,9E-06,0.00183
SA13_113,SA13_113-067,-5.8,456,5,0.28268,9E-06,0.00198
SA13_113,SA13_113-026,-5.6,689,7,0.282504,1.1E-05,0.00214
SA13_113,SA13_113-036,-5.1,730,8,0.282457,1.8E-05,0.00262
SA13_113,SA13_113-056,-4.5,958,10,0.282058,1.3E-05,0.00148
SA13_113,SA13_113-100,-4.1,569,5,0.282474,1.1E-05,0.00335
SA13_113,SA13_113-043,-3.7,998,11,0.282328,1E-05,0.00143
SA13_113,SA13_113_001,-12.4,257,18,0.28256,1.1E-05,0.00073
SA13_113,SA13_113_002,0.6,976,24,0.282476,1E-05,0.00205
SA13_113,SA13_113-003,-4.6,953,17,0.282438,1.1E-05,0.00102
SA13_113,SA13_113-007rr,1.7,264,3,0.282559,7E-06,0.00053
SA13_113,SA13_113-012,-1.9,270,3,0.282576,9E-06,0.00097
SA13_113,SA13_113-013,4,259,3,0.282402,1E-05,0.001
SA13_113,SA13_113-014,-6.4,511,5,0.282419,1E-05,0.00082
SA13_113,SA13_113-016,-3.9,310,3,0.282567,1.3E-05,0.00099
SA13_113,SA13_113-022,-4.4,570,6,0.282454,1.1E-05,0.00079
SA13_113,SA13_113-024,-6.1,263,3,0.282592,1.3E-05,0.00099
SA13_113,SA13_113-025,-6.1,514,7,0.282363,9E-06,0.00157
SA13_113,SA13_113-027,-7,260,3,0.282595,9E-06,0.00094
SA13_113,SA13_113-032,-7.1,338,3,0.282435,2.3E-05,0.00098
SA13_113,SA13_113-033,2.3,550,6,0.282362,1.3E-05,0.0008
SA13_113,SA13_113-034,-0.9,293,3,0.282615,9E-06,0.00128
SA13_113,SA13_113-038,-7,272,3,0.282627,1.1E-05,0.00177
SA13_113,SA13_113-040,-0.3,293,3,0.282556,1.4E-05,0.0018
SA13_113,SA13_113-046,-29,265,3,0.282536,1E-05,0.00086
SA13_113,SA13_113-048,5.4,275,3,0.282515,8E-06,0.00183
SA13_113,SA13_113-050,-2.2,637,6,0.282574,1.3E-05,0.00212
SA13_113,SA13_113-055,0.8,666,8,0.282531,9E-06,0.00104
SA13_113,SA13_113-057,0.1,377,4,0.282512,8E-06,0.00174
SA13_113,SA13_113-058,-9.7,276,4,0.282558,8E-06,0.00104
SA13_113,SA13_113-059,-7.7,301,3,0.28268,1.7E-05,0.00359
SA13_113,SA13_113-060,1.1,1420,10,0.281994,9E-06,0.00101
SA13_113,SA13_113-064,-5.2,263,2,0.282648,1.4E-05,0.00128
SA13_113,SA13_113-065,-2,470,4,0.2826,1E-05,0.00203
SA13_113,SA13_113-071,-8.2,263,3,0.282672,1.3E-05,0.00219
SA13_113,SA13_113-074,-7.8,261,3,0.282544,8E-06,0.00055
SA13_113,SA13_113-075,-3.6,254,2,0.282515,1E-05,0.00038
SA13_113,SA13_113-079,-7.6,267,3,0.282591,9E-06,0.00118
SA13_113,SA13_113-080,-1.2,1087,9,0.282377,1E-05,0.00094
SA13_113,SA13_113-082,0.1,1092,9,0.282198,1.1E-05,0.00059
SA13_113,SA13_113-083,-1.3,1092,9,,,
SA13_113,SA13_113-086,-1.4,992,8,0.282322,9E-06,0.0017
SA13_113,SA13_113-087,-6.7,273,3,0.28258,1E-05,0.00106
SA13_113,SA13_113-088,-11.3,262,2,0.282584,1.1E-05,0.0007
SA13_113,SA13_113-089,-7,539,8,0.282262,1.1E-05,0.00015
SA13_113,SA13_113-090,0.1,549,5,0.282424,9E-06,0.00076
SA13_113,SA13_113-091,-32.6,262,3,0.28257,1E-05,0.00051
SA13_113,SA13_113-092,-1.9,1828,10,0.281662,1.1E-05,0.00041
SA13_113,SA13_113-093,0.7,580,7,0.282437,1E-05,0.00091
SA13_113,SA13_113-094,0.9,261,3,,,
SA13_113,SA13_113-095,-3.6,277,3,0.282696,9E-06,0.00069
SA13_113,SA13_113-098,5.4,287,4,,,
SA13_113,SA13_113-099,-7.1,562,9,0.282535,1.6E-05,0.0026
SA13_113,SA13_113-101,-6.4,261,3,0.282589,9E-06,0.00097
SA13_113,SA13_113-102,-1.6,1016,10,0.282394,1.5E-05,0.00264
SA13_113,SA13_113-103,-11.8,283,4,0.282553,1.1E-05,0.0004
SA13_113,SA13_113-061,134.6,256,3,0.282571,9E-06,0.00047
SA13_124,SA13_124-56,-88.3,329,3,0.282426,1.4E-05,0.00307
SA13_124,SA13_124-69,-85.8,271,3,0.282428,1.1E-05,0.00062
SA13_124,SA13_124-35,-73.8,3061,22,0.282271,1.5E-05,0.00077
SA13_124,SA13_124-39,-71.4,442,5,0.282486,2.4E-05,0.00642
SA13_124,SA13_124-38,-53.4,291,4,0.282618,1.2E-05,0.00181
SA13_124,SA13_124-32,-48.5,610,7,0.282256,1E-05,0.00151
SA13_124,SA13_124-97,-38.5,821,19,0.282196,9E-06,0.00089
SA13_124,SA13_124-70,-31,633,6,0.281797,1E-05,0.00114
SA13_124,SA13_124-80,-25.7,1738,26,0.282479,1.1E-05,0.00173
SA13_124,SA13_124-53,-25.6,552,6,0.282278,1.5E-05,0.00579
SA13_124,SA13_124-79,-23.9,1682,20,0.281926,1.2E-05,0.00252
SA13_124,SA13_124-55,-19.7,509,5,0.281871,9E-06,0.0006
SA13_124,SA13_124-93,-18.2,718,16,0.282281,1.1E-05,0.001
SA13_124,SA13_124-43,-16.6,565,5,0.282296,1.2E-05,0.00587
SA13_124,SA13_124-44,-15.2,1437,12,0.281734,1.4E-05,0.0014
SA13_124,SA13_124-63,-36.8,268,3,0.282018,1.2E-05,0.00074
SA13_124,SA13_124-101,-12.3,535,12,0.282366,8E-06,0.00145
SA13_124,SA13_124-78,-11,1527,25,0.282136,1.2E-05,0.00083
SA13_124,SA13_124-014,-9.5,922,13,0.282402,1.5E-05,0.00235
SA13_124,SA13_124-77,-9.2,1561,20,0.281906,1.1E-05,0.00284
SA13_124,SA13_124-47,-7.9,975,9,0.282228,1.1E-05,0.00062
SA13_124,SA13_124-51,-6.1,844,7,0.282277,1.1E-05,0.00235
SA13_124,SA13_124-102,-5.3,2853,16,0.280811,1.1E-05,0.00019
SA13_124,SA13_124-34,-2.3,1799,18,0.281577,1.1E-05,0.00094
SA13_124,SA13_124-75,0,2610,23,0.28108,3E-05,0.00331
SA13_124,SA13_124-01,-1.6,880,14,0.282225,1E-05,0.00073
SA13_124,SA13_124-02,5,1159,19,0.282123,1.1E-05,0.00104
SA13_124,SA13_124-03,-7.1,945,15,,,
SA13_124,SA13_124-04,1.4,1451,24,0.282029,9E-06,0.00068
SA13_124,SA13_124-07,5.5,326,8,0.282604,1.1E-05,0.00212
SA13_124,SA13_124-23,1.2,663,7,0.282189,1.1E-05,0.00092
SA13_124,SA13_124-25,0.6,507,6,0.282347,1.3E-05,0.00436
SA13_124,SA13_124-26,-3.2,537,6,0.282392,1.1E-05,0.00099
SA13_124,SA13_124-27,-0.9,1937,19,0.281581,1.3E-05,0.00162
SA13_124,SA13_124-37,0.8,691,7,0.282453,1.4E-05,0.00101
SA13_124,SA13_124-41,-6.4,822,9,0.282388,1.1E-05,8E-05
SA13_124,SA13_124-46,-8.4,263,3,0.282403,1.2E-05,0.00141
SA13_124,SA13_124-49,4.2,422,13,,,
SA13_124,SA13_124-52,11.7,832,8,0.28244,1E-05,0.00064
SA13_124,SA13_124-59,3,586,6,0.282401,1.7E-05,0.00075
SA13_124,SA13_124-60,6,530,5,0.282268,1.1E-05,0.00019
SA13_124,SA13_124-62,3.2,656,6,0.28243,7E-06,0.00078
SA13_124,SA13_124-64,4.2,280,4,0.282526,1.1E-05,0.00112
SA13_124,SA13_124-66,-2.7,1236,11,0.282283,8E-06,0.00054
SA13_124,SA13_124-67,7.4,1078,10,0.282295,1.1E-05,0.00063
SA13_124,SA13_124-68,-7.6,526,6,0.282282,1.1E-05,0.00098
SA13_124,SA13_124-71,3.1,1946,17,0.281518,1.5E-05,0.00218
SA13_124,SA13_124-72,4.1,812,8,0.282351,1.3E-05,0.00063
SA13_124,SA13_124-73,-6.7,603,6,0.282462,9E-06,0.00113
SA13_124,SA13_124-74,-1,1925,19,0.281504,1.3E-05,0.00069
SA13_124,SA13_124-76,-7.7,618,8,,,
SA13_124,SA13_124-81,6.7,299,5,0.282442,1.1E-05,0.00134
SA13_124,SA13_124-82,-3.1,621,20,0.282517,8E-06,0.0009
SA13_124,SA13_124-83,-3.7,569,15,0.281842,1.1E-05,0.00059
SA13_124,SA13_124-84,-23.5,262,10,0.282609,1.8E-05,0.00227
SA13_124,SA13_124-85,59.2,268,10,0.282355,1.1E-05,0.00104
SA13_124,SA13_124-86,-0.8,2057,32,0.281425,1.1E-05,0.00075
SA13_124,SA13_124-87,-4.4,1011,27,0.282057,1.4E-05,0.00161
SA13_124,SA13_124-88,9.2,605,12,0.282352,1.1E-05,0.00163
SA13_124,SA13_124-89,4.9,1051,22,,,
SA13_124,SA13_124-90,-1.3,603,19,0.282317,1.1E-05,0.00094
SA13_124,SA13_124-91,-6.7,953,33,0.282316,9E-06,0.0009
SA13_124,SA13_124-92,-0.6,1874,18,0.281642,1.1E-05,0.00173
SA13_124,SA13_124-94,0.2,534,11,0.282304,1.1E-05,0.00113
SA13_124,SA13_124-95,-7.3,838,20,0.282333,1.3E-05,0.001
SA13_124,SA13_124-96,2.2,1086,23,0.282384,1.6E-05,0.00167
SA13_124,SA13_124-98,8.9,551,12,0.282382,1.9E-05,0.0011
SA13_124,SA13_124-99,-6.9,918,18,0.28232,1.3E-05,0.00197
SA13_124,SA13_124-100,6.2,487,11,0.282421,1.2E-05,0.00093
SA13_124,SA13_124-103,0.9,966,22,0.282368,2.2E-05,0.00069
SA13_124,SA13_124-104,10.1,1043,20,0.282298,7E-06,0.001
SA13_124,SA13_124-006,-4.4,267,4,0.282469,1.1E-05,0.00057
SA13_124,SA13_124-010,-5.6,274,4,0.282021,1E-05,0.00075
SA13_124,SA13_124-011,1.8,285,4,0.282519,7E-06,0.00101
SA13_124,SA13_124-012,2.3,537,7,0.282353,2.6E-05,0.00405
SA13_124,SA13_124-013,3.2,1119,14,0.282323,1E-05,0.00115
SA13_124,SA13_124-015,8.9,632,8,0.282145,1.1E-05,0.00097
SA13_124,SA13_124-016,1.6,549,6,0.282321,1E-05,0.0015
SA13_124,SA13_124-017,1.9,807,10,0.28231,1E-05,0.0015
SA13_124,SA13_124-018,7.7,255,3,0.282459,1.4E-05,0.00292
SA13_124,SA13_124-019,3,480,5,0.282313,1.1E-05,0.00133
SA13_124,SA13_124-021,3.5,1140,16,0.282172,1E-05,0.00112
SA13_124,SA13_124-40,1.8,568,6,,,
SA13_124,SA13_124-54,3,1567,13,0.281869,1.5E-05,0.0006
SA13_124,SA13_124-009,7.4,1195,16,0.282345,1.7E-05,0.00314
SA13_124,SA13_124-020,10.1,1075,17,0.282345,1.4E-05,0.00236
SA13_124,SA13_124-65,47,270,3,0.282621,9E-06,0.00079
SA13_124,SA13_124-022,15.1,633,11,0.282128,7E-06,0.00041
SA13_124,SA13_124-61,81,245,3,0.282314,1.4E-05,0.00099
SA13_124,SA13_124-57,7.9,594,6,0.282288,9E-06,0.00065
SA13_124,SA13_124-56,-88.3,329,3,0.282426,1.4E-05,0.00307
SA13_124,SA13_124-69,-85.8,271,3,0.282428,1.1E-05,0.00062
SA13_124,SA13_124-35,-73.8,3061,22,0.282271,1.5E-05,0.00077
SA13_124,SA13_124-39,-71.4,442,5,0.282486,2.4E-05,0.00642
SA13_124,SA13_124-38,-53.4,291,4,0.282618,1.2E-05,0.00181
SA13_124,SA13_124-32,-48.5,610,7,0.282256,1E-05,0.00151
SA13_124,SA13_124-97,-38.5,821,19,0.282196,9E-06,0.00089
SA13_124,SA13_124-70,-31,633,6,0.281797,1E-05,0.00114
SA13_124,SA13_124-80,-25.7,1738,26,0.282479,1.1E-05,0.00173
SA13_124,SA13_124-53,-25.6,552,6,0.282278,1.5E-05,0.00579
SA13_124,SA13_124-79,-23.9,1682,20,0.281926,1.2E-05,0.00252
SA13_124,SA13_124-55,-19.7,509,5,0.281871,9E-06,0.0006
SA13_124,SA13_124-93,-18.2,718,16,0.282281,1.1E-05,0.001
SA13_124,SA13_124-43,-16.6,565,5,0.282296,1.2E-05,0.00587
SA13_124,SA13_124-44,-15.2,1437,12,0.281734,1.4E-05,0.0014
SA13_124,SA13_124-63,-36.8,268,3,0.282018,1.2E-05,0.00074
SA13_124,SA13_124-101,-12.3,535,12,0.282366,8E-06,0.00145
SA13_124,SA13_124-78,-11,1527,25,0.282136,1.2E-05,0.00083
SA13_124,SA13_124-014,-9.5,922,13,0.282402,1.5E-05,0.00235
SA13_124,SA13_124-77,-9.2,1561,20,0.281906,1.1E-05,0.00284
SA13_124,SA13_124-47,-7.9,975,9,0.282228,1.1E-05,0.00062
SA13_124,SA13_124-51,-6.1,844,7,0.282277,1.1E-05,0.00235
SA13_124,SA13_124-102,-5.3,2853,16,0.280811,1.1E-05,0.00019
SA13_124,SA13_124-34,-2.3,1799,18,0.281577,1.1E-05,0.00094
SA13_124,SA13_124-75,0,2610,23,0.28108,3E-05,0.00331
SA13_124,SA13_124-01,-1.6,880,14,0.282225,1E-05,0.00073
SA13_124,SA13_124-02,5,1159,19,0.282123,1.1E-05,0.00104
SA13_124,SA13_124-03,-7.1,945,15,,,
SA13_124,SA13_124-04,1.4,1451,24,0.282029,9E-06,0.00068
SA13_124,SA13_124-07,5.5,326,8,0.282604,1.1E-05,0.00212
SA13_124,SA13_124-23,1.2,663,7,0.282189,1.1E-05,0.00092
SA13_124,SA13_124-25,0.6,507,6,0.282347,1.3E-05,0.00436
SA13_124,SA13_124-26,-3.2,537,6,0.282392,1.1E-05,0.00099
SA13_124,SA13_124-27,-0.9,1937,19,0.281581,1.3E-05,0.00162
SA13_124,SA13_124-37,0.8,691,7,0.282453,1.4E-05,0.00101
SA13_124,SA13_124-41,-6.4,822,9,0.282388,1.1E-05,8E-05
SA13_124,SA13_124-46,-8.4,263,3,0.282403,1.2E-05,0.00141
SA13_124,SA13_124-49,4.2,422,13,,,
SA13_124,SA13_124-52,11.7,832,8,0.28244,1E-05,0.00064
SA13_124,SA13_124-59,3,586,6,0.282401,1.7E-05,0.00075
SA13_124,SA13_124-60,6,530,5,0.282268,1.1E-05,0.00019
SA13_124,SA13_124-62,3.2,656,6,0.28243,7E-06,0.00078
SA13_124,SA13_124-64,4.2,280,4,0.282526,1.1E-05,0.00112
SA13_124,SA13_124-66,-2.7,1236,11,0.282283,8E-06,0.00054
SA13_124,SA13_124-67,7.4,1078,10,0.282295,1.1E-05,0.00063
SA13_124,SA13_124-68,-7.6,526,6,0.282282,1.1E-05,0.00098
SA13_124,SA13_124-71,3.1,1946,17,0.281518,1.5E-05,0.00218
SA13_124,SA13_124-72,4.1,812,8,0.282351,1.3E-05,0.00063
SA13_124,SA13_124-73,-6.7,603,6,0.282462,9E-06,0.00113
SA13_124,SA13_124-74,-1,1925,19,0.281504,1.3E-05,0.00069
SA13_124,SA13_124-76,-7.7,618,8,,,
SA13_124,SA13_124-81,6.7,299,5,0.282442,1.1E-05,0.00134
SA13_124,SA13_124-82,-3.1,621,20,0.282517,8E-06,0.0009
SA13_124,SA13_124-83,-3.7,569,15,0.281842,1.1E-05,0.00059
SA13_124,SA13_124-84,-23.5,262,10,0.282609,1.8E-05,0.00227
SA13_124,SA13_124-85,59.2,268,10,0.282355,1.1E-05,0.00104
SA13_124,SA13_124-86,-0.8,2057,32,0.281425,1.1E-05,0.00075
SA13_124,SA13_124-87,-4.4,1011,27,0.282057,1.4E-05,0.00161
SA13_124,SA13_124-88,9.2,605,12,0.282352,1.1E-05,0.00163
SA13_124,SA13_124-89,4.9,1051,22,,,
SA13_124,SA13_124-90,-1.3,603,19,0.282317,1.1E-05,0.00094
SA13_124,SA13_124-91,-6.7,953,33,0.282316,9E-06,0.0009
SA13_124,SA13_124-92,-0.6,1874,18,0.281642,1.1E-05,0.00173
SA13_124,SA13_124-94,0.2,534,11,0.282304,1.1E-05,0.00113
SA13_124,SA13_124-95,-7.3,838,20,0.282333,1.3E-05,0.001
SA13_124,SA13_124-96,2.2,1086,23,0.282384,1.6E-05,0.00167
SA13_124,SA13_124-98,8.9,551,12,0.282382,1.9E-05,0.0011
SA13_124,SA13_124-99,-6.9,918,18,0.28232,1.3E-05,0.00197
SA13_124,SA13_124-100,6.2,487,11,0.282421,1.2E-05,0.00093
SA13_124,SA13_124-103,0.9,966,22,0.282368,2.2E-05,0.00069
SA13_124,SA13_124-104,10.1,1043,20,0.282298,7E-06,0.001
SA13_124,SA13_124-006,-4.4,267,4,0.282469,1.1E-05,0.00057
SA13_124,SA13_124-010,-5.6,274,4,0.282021,1E-05,0.00075
SA13_124,SA13_124-011,1.8,285,4,0.282519,7E-06,0.00101
SA13_124,SA13_124-012,2.3,537,7,0.282353,2.6E-05,0.00405
SA13_124,SA13_124-013,3.2,1119,14,0.282323,1E-05,0.00115
SA13_124,SA13_124-015,8.9,632,8,0.282145,1.1E-05,0.00097
SA13_124,SA13_124-016,1.6,549,6,0.282321,1E-05,0.0015
SA13_124,SA13_124-017,1.9,807,10,0.28231,1E-05,0.0015
SA13_124,SA13_124-018,7.7,255,3,0.282459,1.4E-05,0.00292
SA13_124,SA13_124-019,3,480,5,0.282313,1.1E-05,0.00133
SA13_124,SA13_124-021,3.5,1140,16,0.282172,1E-05,0.00112
SA13_124,SA13_124-40,1.8,568,6,,,
SA13_124,SA13_124-54,3,1567,13,0.281869,1.5E-05,0.0006
SA13_124,SA13_124-009,7.4,1195,16,0.282345,1.7E-05,0.00314
SA13_124,SA13_124-020,10.1,1075,17,0.282345,1.4E-05,0.00236
SA13_124,SA13_124-65,47,270,3,0.282621,9E-06,0.00079
SA13_124,SA13_124-022,15.1,633,11,0.282128,7E-06,0.00041
SA13_124,SA13_124-61,81,245,3,0.282314,1.4E-05,0.00099
SA13_124,SA13_124-57,7.9,594,6,0.282288,9E-06,0.00065
SA13_126,SA13_126-01,0.4,1012,10,0.282266,1.1E-05,0.00049
SA13_126,SA13_126-02,-3.4,1082,10,0.282336,1.7E-05,0.00056
SA13_126,SA13_126-03,-0.2,495,5,0.282423,1E-05,0.00041
SA13_126,SA13_126-04,-3.7,1027,9,0.282209,1E-05,0.00155
SA13_126,SA13_126-05,-4.2,1067,10,0.282362,1.1E-05,0.00145
SA13_126,SA13_126-08,-27.1,795,8,0.282362,1.3E-05,0.00078
SA13_126,SA13_126-10,-1.5,1218,13,0.282284,1E-05,0.00075
SA13_126,SA13_126-12,5.5,875,10,0.282368,1.2E-05,0.00108
SA13_126,SA13_126-13,0.9,669,8,0.282455,1.2E-05,0.00063
SA13_126,SA13_126-14,1.1,1046,12,0.282274,1.1E-05,0.00095
SA13_126,SA13_126-15,2.9,1044,12,0.282285,1.4E-05,0.00059
SA13_126,SA13_126-16,-2.2,1091,11,0.282296,1E-05,0.00043
SA13_126,SA13_126-17,-5.2,620,9,0.28232,1.3E-05,0.00079
SA13_126,SA13_126-18,5,638,8,0.282429,1.4E-05,0.00036
SA13_126,SA13_126-19,1.1,1019,12,0.282296,1.3E-05,0.00059
SA13_126,SA13_126-21,5,722,10,0.282289,1.1E-05,0.00098
SA13_126,SA13_126-22,-12.7,1201,14,0.282283,1.1E-05,0.00064
SA13_126,SA13_126-23,-9.2,1107,14,0.282457,1.7E-05,0.00272
SA13_126,SA13_126-26,-3.7,1008,14,0.282275,1.4E-05,0.00075
SA13_126,SA13_126-24,-1.5,552,8,0.282372,9E-06,0.0001
SA13_126,SA13_126-25,-13,974,8,0.282354,1.5E-05,0.00532
SA13_126,SA13_126-28,-4.5,502,3,0.282431,1.2E-05,0.00176
SA13_130,SA13_130-48,-57.4,436,7,0.282283,1.5E-05,0.00241
SA13_130,SA13-130_84,-39.5,558,10,0.282405,1E-05,0.00079
SA13_130,SA13_130-49,-33.8,1100,12,0.282376,1E-05,0.00207
SA13_130,SA13_130-002,-33.6,578,8,0.282161,1.1E-05,0.00052
SA13_130,SA13_130-77,-30.1,823,12,0.282264,1.8E-05,0.00277
SA13_130,SA13_130-55,-28.6,538,9,0.28239,9E-06,0.00091
SA13_130,SA13_130-035,-28,596,8,0.282453,1.1E-05,0.00117
SA13_130,SA13_130-008,-27,519,10,0.282371,1.1E-05,8E-05
SA13_130,SA13_130-97,-25.3,526,8,0.282539,1E-05,0.00051
SA13_130,SA13_130-52,-24,930,15,0.282376,1.6E-05,0.0017
SA13_130,SA13_130-003,-22.8,527,10,0.282249,1.4E-05,0.00084
SA13_130,SA13_130-007,-21.3,507,7,0.282364,1.3E-05,0.00031
SA13_130,SA_13-130-69,-19.3,961,11,0.282225,1E-05,0.00064
SA13_130,SA13_130-56,-18,613,10,0.282473,1.3E-05,0.00099
SA13_130,SA13_120-27,-17.6,785,11,0.28245,1.3E-05,0.00189
SA13_130,SA13_130-54,-17.3,573,11,0.282431,6E-06,0.00038
SA13_130,SA13_130-96,-16.7,500,6,0.282339,1.4E-05,0.00061
SA13_130,SA_13-130-66,-16.6,1001,12,0.282381,1.3E-05,0.00071
SA13_130,SA13_130-001,-15.3,597,7,0.28243,1.1E-05,0.0005
SA13_130,SA13_130-19,-14.9,913,16,0.282339,1.1E-05,0.00045
SA13_130,SA13-130_86,-13.8,563,7,0.281761,2.3E-05,0.00085
SA13_130,SA13_130-99,-13.1,723,10,0.282344,1.5E-05,0.00065
SA13_130,SA_13-130-68,-13,648,5,0.28261,1.9E-05,0.00171
SA13_130,SA13-130_85,-12.2,2670,17,0.281017,1.7E-05,0.00145
SA13_130,SA13_130-44,-12.2,509,8,0.282249,1.2E-05,0.00053
SA13_130,SA13_130-74,-11.7,491,7,0.282386,1.3E-05,0.00051
SA13_130,SA13_130-79,-11.6,1021,8,0.282162,1.3E-05,0.00073
SA13_130,SA_13-130-67,-11,1148,10,0.281873,1.7E-05,0.00123
SA13_130,SA13_130-81,-10.9,1044,11,0.28221,1.1E-05,0.00085
SA13_130,SA13_130-93,-10.9,1089,19,0.281756,1.8E-05,0.00097
SA13_130,SA13_130-78,-10.4,1768,20,0.281362,1.4E-05,0.00085
SA13_130,SA13_130-028,-10.4,569,10,0.282416,1E-05,0.00013
SA13_130,SA13_130-75,-10.3,864,8,0.282354,1.4E-05,0.002
SA13_130,SA13_130-57,-10.3,577,10,0.282439,1.2E-05,0.00043
SA13_130,SA13_130-71,-10.3,507,9,0.282379,1.4E-05,0.00049
SA13_130,SA13_130-42,-10.1,561,8,0.282491,1.1E-05,0.0007
SA13_130,SA13_130-41,-9.9,497,8,0.282433,1.2E-05,0.00061
SA13_130,SA13-130_83,-9.2,523,4,0.282445,1.3E-05,0.00054
SA13_130,SA13-130_89,-9,556,5,0.282625,1.3E-05,9E-05
SA13_130,SA13_130-43,-8.7,1018,16,0.282377,1.9E-05,0.00147
SA13_130,SA13_130-76,-8.6,695,10,0.282432,1E-05,0.00119
SA13_130,SA13_120-26,-8.5,633,9,0.282408,1.1E-05,0.00148
SA13_130,SA13_130-73,-8.2,1024,15,0.282239,9E-06,0.00079
SA13_130,SA13_130-47,-8.2,566,8,0.282415,1E-05,0.00036
SA13_130,SA_13-130-65,-8.1,504,6,0.28224,1.2E-05,0.00056
SA13_130,SA13-130_90,-8.1,510,4,0.282217,1.1E-05,0.00043
SA13_130,SA13_130-60,-7.3,1158,14,0.282023,1.6E-05,0.00214
SA13_130,SA13_130-38,-7.1,628,8,0.282445,1.5E-05,0.00094
SA13_130,SA13_130-53,-6.8,1100,14,0.282299,1.2E-05,0.00112
SA13_130,SA_13-130-64,-6.8,498,6,0.282058,1.2E-05,0.00031
SA13_130,SA13_130-80,-6.7,962,9,0.282416,1.1E-05,0.00119
SA13_130,SA13_130-036,-6.2,520,6,0.282382,1.5E-05,0.00082
SA13_130,SA13_130-59,-6,1047,16,0.282263,1.6E-05,0.00126
SA13_130,SA13_130-45,-5.8,692,11,0.281801,1.1E-05,0.00089
SA13_130,SA13_130-46,-5.5,616,9,0.281906,1.1E-05,0.00037
SA13_130,SA13_130-100,-5.4,735,10,0.282114,1.1E-05,0.00098
SA13_130,SA13_130-94,-5,1044,17,0.282356,1.3E-05,0.00109
SA13_130,SA13_130-50,10.6,547,12,0.2823,1.1E-05,0.00076
SA13_130,SA13_130-004,-4.9,595,9,0.282422,1.5E-05,0.00057
SA13_130,SA13_130-005,3,512,7,0.282296,1.1E-05,0.00053
SA13_130,SA13_130-006,-2.9,602,6,0.282356,1.1E-05,9E-05
SA13_130,SA13_130-009,-3.5,571,8,0.28227,1.1E-05,0.00013
SA13_130,SA13_130-010,-2.4,1088,15,0.282123,1.5E-05,0.00049
SA13_130,SA13_130-11,-1,481,12,0.282393,1.2E-05,0.00046
SA13_130,SA13_130-12,1.3,596,8,0.28246,1.8E-05,0.00062
SA13_130,SA13_130-13,-0.1,632,8,0.282358,1.4E-05,0.00012
SA13_130,SA13_130-14,2.1,585,8,0.282496,1.3E-05,0.00121
SA13_130,SA13_130-15,-0.9,591,9,0.282292,1.2E-05,0.00098
SA13_130,SA13_130-16,-9.3,533,10,0.282474,1.4E-05,0.00052
SA13_130,SA13_130-17,-3.9,606,8,0.28242,1.2E-05,0.00109
SA13_130,SA13_130-18,-12.5,495,7,0.282423,1.4E-05,0.00032
SA13_130,SA13_120-21,-0.2,617,10,0.282587,1E-05,0.00155
SA13_130,SA13_120-22,0.2,526,8,0.282368,1.2E-05,0.00056
SA13_130,SA13_120-23,-0.1,646,19,0.282589,1.1E-05,0.00176
SA13_130,SA13_120-24,-0.9,1111,14,0.282188,1.2E-05,0.00084
SA13_130,SA13_120-25,-17.8,389,7,0.282419,1.1E-05,0.00079
SA13_130,SA13_130-029,-3.5,556,8,0.282433,1.1E-05,0.00053
SA13_130,SA13_130-030,-24.5,585,17,0.281722,1.1E-05,0.00059
SA13_130,SA13_130-031,-4.5,643,9,0.282443,1.1E-05,0.00083
SA13_130,SA13_130-032,-1.8,1015,13,0.282302,1.4E-05,0.00036
SA13_130,SA13_130-033,-0.9,568,8,0.282425,1.2E-05,0.00028
SA13_130,SA13_130-034,-28.7,483,6,0.282414,1.3E-05,0.00111
SA13_130,SA13_130-037,-1.7,643,8,0.282454,1.7E-05,0.00151
SA13_130,SA13_130-39,-2.5,644,9,0.282419,1.3E-05,0.00026
SA13_130,SA13_130-40,-2.8,1025,14,0.282395,1E-05,0.00106
SA13_130,SA13_130-51,-4.3,646,9,0.282525,1.5E-05,0.00075
SA13_130,SA13_130-58,-4.9,639,11,0.282426,9E-06,0.00042
SA13_130,SA13_130-61,-6,616,9,0.282394,1E-05,0.00062
SA13_130,SA13_130-62,-6.3,598,9,0.28243,1.2E-05,0.00072
SA13_130,SA_13-130-63,-0.7,1078,10,0.282232,1E-05,0.00103
SA13_130,SA_13-130-70,-4.5,572,5,0.282312,1.2E-05,0.00118
SA13_130,SA13_130-72,3,577,5,0.282242,1E-05,0.00135
SA13_130,SA13-130_82,-4.6,622,6,0.282429,1.1E-05,0.00063
SA13_130,SA13-130_87,-1.7,633,6,0.282458,1.3E-05,0.00162
SA13_130,SA13-130_88,-3.7,1084,9,0.281667,1E-05,0.00073
SA13_130,SA13_130-91,2.6,565,5,0.28244,1.9E-05,0.00095
SA13_130,SA13_130-92,-4,557,5,0.282572,1.1E-05,4E-05
SA13_130,SA13_130-95,-3.3,592,10,0.282419,1E-05,0.00046
SA13_130,SA13_130-98,2.6,499,16,0.282199,1.2E-05,0.00068
SA13_132,SA13_132-30,-40.8,523,7,0.282401,8E-06,0.00042
SA13_132,SA13_132-42,-31.7,350,4,0.282635,1E-05,0.00085
SA13_132,SA13_132-53,-28.9,474,7,0.28242,1.1E-05,0.00078
SA13_132,SA13_132-074,-22.6,3183,14,0.280806,1.2E-05,0.00175
SA13_132,SA13_132-34,-94.1,1096,71,0.282564,3.5E-05,0.00138
SA13_132,SA13_132-079,-70.4,258,3,0.282546,1.1E-05,0.00091
SA13_132,SA13_132-083,-58.3,277,3,0.28254,8E-06,0.00077
SA13_132,SA13_132-022,-55.9,251,3,0.282602,1.1E-05,0.0013
SA13_132,SA13_132-068,-54.7,269,4,0.282577,9E-06,0.00066
SA13_132,SA13_132-41,-50.6,262,3,0.282442,1.3E-05,0.00024
SA13_132,SA13_132-017,-47.2,266,3,0.282663,1.4E-05,0.00129
SA13_132,SA13_132-62,-34.7,284,5,0.282606,1.5E-05,0.0022
SA13_132,SA13_132-066,-22.9,259,5,0.282562,1.4E-05,0.00132
SA13_132,SA13_132-075,-26.7,257,2,0.282686,1.1E-05,0.00065
SA13_132,SA13_132-019,-24.3,254,3,0.28272,1.2E-05,0.00059
SA13_132,SA13_132-028,-13.9,695,8,0.282296,8E-06,0.00142
SA13_132,SA13_132-088,-11.9,995,9,0.282191,1.1E-05,0.00093
SA13_132,SA13_132-020,-26.3,256,3,0.282608,1.1E-05,0.00058
SA13_132,SA13_132-011,-18,263,4,0.28253,1E-05,0.00158
SA13_132,SA13_132-089,-15.7,263,3,0.282558,1.2E-05,0.0016
SA13_132,SA13_132-085,-19,260,2,0.282597,1.1E-05,0.00078
SA13_132,SA13_132-027,-16.9,270,4,0.282774,9E-06,0.00054
SA13_132,SA13_132-093,-8.5,567,7,0.282286,9E-06,3E-05
SA13_132,SA13_132-002,-10,599,8,0.282463,1E-05,0.0007
SA13_132,SA13_132-010,-21.4,254,4,0.28264,1.1E-05,0.00058
SA13_132,SA13_132-57,-16.9,268,5,0.282593,1.1E-05,0.00057
SA13_132,SA13_132-064,-7.8,490,9,0.282494,1E-05,0.00113
SA13_132,SA13_132-43,-11.3,272,3,0.282619,1.9E-05,0.00149
SA13_132,SA13_132-086,-7.1,481,5,0.282407,1.3E-05,0.00101
SA13_132,SA13_132-013,-8.5,851,21,0.282686,9E-06,0.00093
SA13_132,SA13_132-082,-7.6,486,5,0.282294,1.1E-05,0.00072
SA13_132,SA13_132-008,-25.8,249,4,0.282643,1.3E-05,0.00116
SA13_132,SA13_132-49,-9.2,284,3,0.282595,1E-05,0.00135
SA13_132,SA13_132-091,28.4,279,4,0.282562,9E-06,0.00049
SA13_132,SA13_132-090,33.5,319,6,0.2826,1.8E-05,0.0013
SA13_132,SA13_132-032,-25,211,5,0.282676,1.2E-05,0.00065
SA13_132,SA13_132-001,3.3,228,3,0.282253,2.6E-05,0.00123
SA13_132,SA13_132-012,-10.2,233,4,0.282652,1.2E-05,0.00077
SA13_132,SA13_132-018,-27.7,241,2,0.28262,1E-05,0.00196
SA13_132,SA13_132-003,-38.2,244,3,0.282608,1E-05,0.00045
SA13_132,SA13_132-015,-17.1,249,4,0.282556,1.1E-05,0.0003
SA13_132,SA13_132-033,-4.8,249,4,0.282579,1E-05,0.00126
SA13_132,SA13_132-36,-17.2,253,3,0.282601,1.1E-05,0.00093
SA13_132,SA13_132-004,-0.8,254,4,0.282709,1.1E-05,0.00112
SA13_132,SA13_132-005,-2,254,4,0.282576,1E-05,0.00142
SA13_132,SA13_132-38,-19.4,255,3,0.28254,9E-06,0.00149
SA13_132,SA13_132-51,-13.8,256,4,0.28264,1.4E-05,0.00125
SA13_132,SA13_132-065,-9.2,256,5,0.282607,1.2E-05,0.00147
SA13_132,SA13_132-025,-14.2,257,3,0.282609,7E-06,0.00078
SA13_132,SA13_132-52,-8.9,257,4,0.282578,1E-05,0.00045
SA13_132,SA13_132-006,-7.5,258,3,0.282538,1E-05,0.00079
SA13_132,SA13_132-076,-17.4,259,3,0.28259,1.1E-05,0.00113
SA13_132,SA13_132-58,-18.6,260,7,0.282587,9E-06,0.0012
SA13_132,SA13_132-59,-20,261,11,0.282565,1.4E-05,0.00094
SA13_132,SA13_132-35,-21.7,262,6,0.282536,1.1E-05,0.0005
SA13_132,SA13_132-40,-10.3,262,3,0.282608,1.1E-05,0.00117
SA13_132,SA13_132-44,-2.8,265,5,0.282715,1.3E-05,0.00077
SA13_132,SA13_132-47,-28.8,265,4,0.282517,1.4E-05,0.00076
SA13_132,SA13_132-077,-12.3,265,2,0.282605,9E-06,0.00088
SA13_132,SA13_132-55,-15.9,267,5,0.282682,1.4E-05,0.00138
SA13_132,SA13_132-031,-30.3,268,6,0.282562,1.1E-05,0.00141
SA13_132,SA13_132-37,-14.9,268,3,0.282627,9E-06,0.00061
SA13_132,SA13_132-070,-28.7,268,3,0.282767,1E-05,0.00066
SA13_132,SA13_132-081,-39.2,270,3,0.282575,1.1E-05,0.00073
SA13_132,SA13_132-072,-22.6,272,6,0.282584,1.1E-05,0.00128
SA13_132,SA13_132-007,-4.3,273,4,0.282666,1E-05,0.0013
SA13_132,SA13_132-48rr,-7,273,4,0.282544,1.4E-05,0.00068
SA13_132,SA13_132-56,4.8,273,6,0.282572,1.2E-05,0.00119
SA13_132,SA13_132-084,-5.3,273,3,0.282583,1.3E-05,0.001
SA13_132,SA13_132-073,-14.4,274,6,0.282552,9E-06,0.00166
SA13_132,SA13_132-50,-12.4,277,4,0.282614,1E-05,0.00107
SA13_132,SA13_132-48,-1.3,278,4,0.282539,1.8E-05,0.00091
SA13_132,SA13_132-023,-41.2,280,6,0.282603,1E-05,0.00221
SA13_132,SA13_132-009,-5.1,281,5,0.282621,1E-05,0.00061
SA13_132,SA13_132-069,-6.8,281,5,0.282621,1E-05,0.001
SA13_132,SA13_132-026,4.8,282,3,0.282586,1E-05,0.00128
SA13_132,SA13_132-029,-8.1,283,7,0.282573,1.1E-05,0.00088
SA13_132,SA13_132-078,-2.6,283,3,0.282644,1.2E-05,0.00107
SA13_132,SA13_132-60,12.1,292,7,0.282556,1.1E-05,0.00057
SA13_132,SA13_132-021,-2.1,297,5,0.282537,1E-05,0.00123
SA13_132,SA13_132-46,-12.1,350,7,0.282454,1.2E-05,0.00089
SA13_132,SA13_132-014,-18,384,10,0.282223,9E-06,0.00097
SA13_132,SA13_132-54,-5.3,403,7,0.282614,1.3E-05,0.00222
SA13_132,SA13_132-087,-17.3,440,5,0.281649,1.2E-05,0.00015
SA13_132,SA13_132-067,-4,461,8,0.28263,1E-05,0.00104
SA13_132,SA13_132-071,-0.7,474,10,0.282629,1.1E-05,0.00092
SA13_132,SA13_132-39,-4.7,491,6,0.282436,1.2E-05,0.00197
SA13_132,SA13_132-45,1.4,494,10,0.282409,1.4E-05,0.00185
SA13_132,SA13_132-092,-4.3,537,5,0.282385,1E-05,0.00068
SA13_132,SA13_132-080,1.1,548,5,0.282425,1.1E-05,0.00056
SA13_132,SA13_132-61,-5.8,552,10,0.282425,1E-05,0.00035
SA13_132,SA13_132-063,-0.6,564,10,0.282282,8E-06,0.00025
SA13_132,SA13_132-016,-2.1,581,7,0.281949,1.3E-05,0.00052
SA13_132,SA13_132-024,-3.4,1081,13,0.282244,9E-06,0.00107
SA13_129,SA13_129-61,-60.1,401,4,0.282576,1.8E-05,0.00138
SA13_129,SA13_129-55,-43.7,1718,12,0.2811,1.6E-05,0.00224
SA13_129,SA13_129_22,-28.2,729,10,0.282364,8E-06,0.00104
SA13_129,SA13_129-78,-26.1,622,10,0.282272,1E-05,0.0009
SA13_129,SA13_129-71,-23.9,714,8,0.282281,1E-05,0.00171
SA13_129,SA13_129-76,-15.5,528,6,0.28231,1E-05,0.00217
SA13_129,SA13_129-84,-14.9,756,12,0.282296,1.2E-05,0.00178
SA13_129,SA13_129-86,-12.5,2637,58,0.281076,1.1E-05,0.00097
SA13_129,SA13_129_27,-43.5,276,3,0.28252,1.5E-05,0.00235
SA13_129,SA13_129-82,-69,222,4,0.282439,1.7E-05,0.00199
SA13_129,SA13_129_01,-21.8,285,3,0.282463,2E-05,0.00207
SA13_129,SA13_129_012,-15.3,893,11,0.282377,1.3E-05,0.00163
SA13_129,SA13_129_013,-1.1,546,5,0.2823,1.3E-05,0.00097
SA13_129,SA13_129_015,7.6,542,10,0.282416,1.3E-05,0.00033
SA13_129,SA13_129_016,3,963,15,,,
SA13_129,SA13_129_017,6.8,622,8,0.282313,1.1E-05,0.00074
SA13_129,SA13_129_018,-10.3,260,3,0.282562,1.3E-05,0.00175
SA13_129,SA13_129_019,-3.1,1052,15,0.282105,1.3E-05,0.00089
SA13_129,SA13_129_02,-2.8,384,5,,,
SA13_129,SA13_129_020,-1.4,1034,15,0.281731,1E-05,0.00101
SA13_129,SA13_129_03,9.9,302,3,0.282681,1.2E-05,0.00092
SA13_129,SA13_129_05,-14.8,531,6,0.282409,1.2E-05,0.00099
SA13_129,SA13_129_06,3,530,6,0.282289,1.9E-05,0.00193
SA13_129,SA13_129_07,20.5,258,3,0.282419,1.1E-05,0.0011
SA13_129,SA13_129_08,-32.3,264,3,0.282582,1.5E-05,0.00166
SA13_129,SA13_129_09,5.1,646,7,0.281927,1.1E-05,0.0003
SA13_129,SA13_129_10,-13.8,787,10,0.2823,2.1E-05,0.00154
SA13_129,SA13_129_21,-0.1,1374,25,0.282154,1.3E-05,0.00187
SA13_129,SA13_129_23,-12.1,421,5,0.28239,1.1E-05,0.00082
SA13_129,SA13_129_24,2.6,546,7,0.282061,1.2E-05,0.0006
SA13_129,SA13_129_25,-1.5,594,8,0.282243,2.7E-05,0.00141
SA13_129,SA13_129_26,-19.7,465,6,0.28249,9E-06,0.00093
SA13_129,SA13_129_28,-11.3,692,10,0.282428,1E-05,0.0003
SA13_129,SA13_129_29,6.7,566,7,0.282343,1.2E-05,0.00141
SA13_129,SA13_129_30,-1.9,536,7,0.282358,1.2E-05,0.00131
SA13_129,SA13_129-31,-29.1,271,4,0.282532,1.4E-05,0.00157
SA13_129,SA13_129-33,0.9,554,8,0.282184,1.2E-05,0.00084
SA13_129,SA13_129-36,6.9,835,16,,,
SA13_129,SA13_129-36b,9.2,2014,65,0.281478,1.5E-05,0.00096
SA13_129,SA13_129-37,-3.2,303,5,0.28257,1.2E-05,0.00109
SA13_129,SA13_129-38,16.1,617,11,0.282308,1.4E-05,0.00108
SA13_129,SA13_129-39,-19.1,750,7,0.281789,1.3E-05,0.00183
SA13_129,SA13_129-40,-8.3,998,7,0.282341,9E-06,0.00065
SA13_129,SA13_129-41,19,276,2,0.282481,2.2E-05,0.00363
SA13_129,SA13_129-43,-12.4,716,5,0.282377,9E-06,0.00106
SA13_129,SA13_129-44,-9.9,950,7,0.282233,1.7E-05,0.00073
SA13_129,SA13_129-45,-13.8,1158,9,0.281745,8E-06,0.00132
SA13_129,SA13_129-46,-21.4,1746,20,0.281605,1.1E-05,0.00163
SA13_129,SA13_129-47,-4.4,608,5,0.282344,9E-06,0.00143
SA13_129,SA13_129-48,27.9,282,2,0.282014,1.3E-05,0.00106
SA13_129,SA13_129-53,-42.4,257,2,0.282519,1.2E-05,0.00108
SA13_129,SA13_129-54,1.8,380,4,0.282516,1.5E-05,0.00093
SA13_129,SA13_129-56rr,-18.4,1589,21,0.281528,1.4E-05,0.00095
SA13_129,SA13_129-57,-21.1,519,6,0.282362,1.3E-05,0.00145
SA13_129,SA13_129-58,-1.2,1221,16,0.282244,1.1E-05,0.00122
SA13_129,SA13_129-59,3,1072,13,0.282278,1.2E-05,0.00032
SA13_129,SA13_129-60,6.1,264,2,0.282473,1.3E-05,0.00134
SA13_129,SA13_129-62,-5.2,489,5,0.282467,1.8E-05,0.00114
SA13_129,SA13_129-63,-1.2,1012,11,0.282234,1.6E-05,0.0005
SA13_129,SA13_129-64,0,442,35,0.282511,1.2E-05,0.00192
SA13_129,SA13_129-65,6.2,585,5,0.282146,9E-06,0.00131
SA13_129,SA13_129-66,-1.1,753,8,0.282293,1.3E-05,0.00153
SA13_129,SA13_129-67,0.4,619,6,0.282404,1.1E-05,0.00039
SA13_129,SA13_129-68,-4.9,512,5,0.282334,1.7E-05,0.00154
SA13_129,SA13_129-70,7.9,528,5,0.282306,1E-05,0.0009
SA13_129,SA13_129-72,1.4,1180,15,0.282091,2.4E-05,0.00204
SA13_129,SA13_129-73,-2,1864,31,0.281405,1.5E-05,0.00115
SA13_129,SA13_129-74,1.4,275,3,0.28263,1.5E-05,0.00091
SA13_129,SA13_129-75,-1.7,528,5,0.282237,1.1E-05,0.00049
SA13_129,SA13_129-77,2.8,626,7,0.282215,9E-06,0.00024
SA13_129,SA13_129-79,7,689,9,0.282374,1.3E-05,0.00172
SA13_129,SA13_129-80,-15.1,509,7,0.282317,1.3E-05,0.00138
SA13_129,SA13_129-81,-1.9,1068,14,0.282315,2E-05,0.00337
SA13_129,SA13_129-83,8,281,4,0.282517,1.2E-05,0.00139
SA13_129,SA13_129-87,-12.9,600,9,0.282353,1.2E-05,0.00172
SA13_129,SA13_129-69,6.8,1191,14,0.282299,1.1E-05,0.00085
SA13_129,SA13_129-52,7.8,568,3,0.282215,1.2E-05,0.00029
SA13_129,SA13_129-49,9.4,542,3,0.28226,1.6E-05,0.00119
SA13_129,SA13_129_014,9.7,1116,17,0.281829,1.2E-05,0.00092
SA13_129,SA13_129-51,21.1,291,2,0.282453,1.1E-05,0.0009
SA14-234,SA14-234-70,1.6,743,12,0.28202,1E-05,0.0008
SA14-234,SA14-234-75,1.9,1057,14,0.282215,1E-05,0.00049
SA14-234,SA14-234-94,2,1071,14,0.282318,1.3E-05,0.00056
SA14-234,SA14-234-25,2.1,650,19,0.282411,1.2E-05,0.00034
SA14-234,SA14-234-011,2.3,1130,15,0.282234,8E-06,0.00061
SA14-234,SA14-234-87,2.3,761,13,,,
SA14-234,SA14-234-56,3.6,591,13,0.282541,1.3E-05,0.00027
SA14-234,SA14-234-79,3.6,1809,14,0.281355,1.6E-05,0.00153
SA14-234,SA14-234-58,3.9,1003,22,0.282361,1.1E-05,0.00067
SA14-234,SA14-234-57,4.1,1012,25,0.28231,1.6E-05,0.00053
SA14-234,SA14-234-006,4.4,1123,16,0.282293,1.3E-05,0.00115
SA14-234,SA14-234-52,4.4,1136,21,0.281942,1E-05,0.0006
SA14-234,SA14-234-78,4.4,1082,15,0.282015,1.2E-05,0.00066
SA14-234,SA14-234-002,5,624,12,0.282448,1.2E-05,0.00042
SA14-234,SA14-234-73,5.9,655,11,0.282159,1.1E-05,0.00096
SA14-234,SA14-234-014,6,605,9,0.282471,1.4E-05,0.00083
SA14-234,SA14-234-29,6,1066,18,0.282363,1.3E-05,0.0009
SA14-234,SA14-234-83,6.3,1045,14,0.282316,1.3E-05,0.00089
SA14-234,SA14-234-24,6.4,900,26,0.282305,1.1E-05,0.00084
SA14-234,SA14-234-31,6.5,1015,25,0.28241,1.2E-05,0.00064
SA14-234,SA14-234-80,6.9,1123,15,0.282299,1E-05,0.00067
SA14-234,SA14-234-017,7.2,915,14,0.28225,1.2E-05,0.00238
SA14-234,SA14-234-86,7.2,1099,13,0.282409,1.2E-05,0.00102
SA14-234,SA14-234-018,7.9,580,13,0.282483,1.1E-05,0.00111
SA14-234,SA14-234-53,10,1008,25,0.282328,1.1E-05,0.0004
SA14-234,SA14-234-015,10.1,539,8,0.281904,1E-05,0.00075
SA14-234,SA14-234-60,10.3,452,23,0.282218,1.3E-05,0.00068
SA14-234,SA14-234-22,10.8,1003,21,0.282142,1.2E-05,0.00042
SA14-234,SA14-234-30,15,671,19,0.282483,9E-06,0.00065
SA14-240,SA14-240-023,-56.8,413,7,0.282495,2E-05,0.00964
SA14-240,SA14-240-030,-51,1875,22,,,
SA14-240,SA14-240-013,-42.6,575,12,0.281882,1.3E-05,0.00045
SA14-240,SA13-240-54,-42.2,535,26,0.282296,1.1E-05,0.00071
SA14-240,SA13-240-51,-41.3,1023,12,0.282129,1.1E-05,0.00042
SA14-240,SA14-240-006,-36.8,694,9,0.282339,1.4E-05,0.00132
SA14-240,SA14-240-001,-32.6,690,9,0.282,1.4E-05,0.00144
SA14-240,SA14-240-012,-31.7,469,4,0.282345,1.4E-05,0.00048
SA14-240,SA14-240-63,-31.4,513,7,0.282417,1.4E-05,0.0006
SA14-240,SA14-240-025,-27.7,443,5,0.282642,1.7E-05,0.00578
SA14-240,SA14-240-007,-25.5,626,6,0.282382,1.9E-05,0.00302
SA14-240,SA14-240-011,-24,484,3,0.282446,1.4E-05,0.0013
SA14-240,SA14-240-68,-21.9,1057,17,,,
SA14-240,SA14-240-59,-21.2,456,5,,,
SA14-240,SA14-240-028,-21,442,12,0.282347,1.6E-05,0.0004
SA14-240,SA13-240-50,-20.1,556,8,0.282515,1.4E-05,0.00034
SA14-240,SA13-240-34,-18.2,967,11,0.282299,1.2E-05,0.00058
SA14-240,SA14-240-021,-18.1,521,5,0.282201,1.3E-05,0.0003
SA14-240,SA14-240-022,-14.8,484,5,0.282399,1.4E-05,0.00024
SA14-240,SA14-240-010,-12.2,555,6,0.282351,1.6E-05,0.00172
SA14-240,SA14-240-026,-12,863,10,0.282339,9E-06,0.00038
SA14-240,SA14-240-56,-11,1024,14,0.281736,1.3E-05,0.00049
SA14-240,SA14-240-64,-11,736,10,0.282362,1E-05,0.00061
SA14-240,SA14-240-002,-9,761,9,0.282317,1.8E-05,0.00114
SA14-240,SA14-240-58,-7.9,765,8,0.282281,1E-05,0.00056
SA14-240,SA13-240-44,-7.6,1101,13,0.281941,1.1E-05,0.00052
SA14-240,SA13-240-48,-6.1,533,5,0.282227,1E-05,0.00142
SA14-240,SA14-240-009,-5.2,1199,10,0.282138,1.2E-05,0.00077
SA14-240,SA14-240-005,-3.9,1035,8,0.281821,1.7E-05,0.00072
SA14-240,SA14-240-003rr,-2.1,853,7,0.282206,1.2E-05,0.00103
SA14-240,SA14-240-004,-3.4,571,4,0.2824,1.2E-05,0.00086
SA14-240,SA14-240-008,-1.3,583,5,0.282466,1E-05,0.00039
SA14-240,SA14-240-014,0.2,1004,9,0.282282,1.1E-05,0.00112
SA14-240,SA14-240-016,-1.9,1010,11,0.282076,1.6E-05,0.00076
SA14-240,SA14-240-018,-6.1,591,5,0.282306,1.1E-05,0.00068
SA14-240,SA14-240-019,-1.6,785,7,0.28227,1.2E-05,0.00072
SA14-240,SA14-240-020,-6.9,423,5,0.2825,1.1E-05,0.00105
SA14-240,SA14-240-024,7.3,535,7,0.282546,1.5E-05,0.00038
SA14-240,SA14-240-027,-1.1,559,5,0.282177,1.2E-05,0.0002
SA14-240,SA14-240-029,-3.4,968,11,0.281808,1.1E-05,0.00059
SA14-240,SA13-240-31,-0.4,1055,13,0.282005,1E-05,0.00166
SA14-240,SA13-240-32,1.2,542,8,0.282359,1E-05,0.00034
SA14-240,SA13-240-33,4.7,573,8,0.28243,1.3E-05,0.00042
SA14-240,SA13-240-35,3.5,1039,13,0.282291,1.1E-05,0.00044
SA14-240,SA13-240-37,1.5,1136,12,0.282164,1.3E-05,0.00057
SA14-240,SA13-240-38,0.6,1057,12,0.28228,1.4E-05,0.00042
SA14-240,SA13-240-39,3.9,564,6,0.282404,1.4E-05,0.0013
SA14-240,SA13-240-40,-0.5,1055,11,0.282222,1.1E-05,0.00058
SA14-240,SA13-240-41,0.1,593,7,0.282109,1E-05,0.00091
SA14-240,SA13-240-42,-2.5,551,7,0.282213,1.2E-05,0.00084
SA14-240,SA13-240-43,0.1,587,12,0.282357,1E-05,0.00054
SA14-240,SA13-240-45,1.2,508,6,0.282414,1.1E-05,0.00044
SA14-240,SA13-240-46,2.6,576,6,0.282445,1E-05,0.00015
SA14-240,SA13-240-47,-1,553,6,0.282518,8E-06,0.00032
SA14-240,SA13-240-49,-1.9,1044,10,0.281977,1.2E-05,0.00047
SA14-240,SA13-240-52,-1.3,550,6,0.281891,1.1E-05,0.00059
SA14-240,SA13-240-53,-2.3,1061,10,0.281819,1.3E-05,0.00053
SA14-240,SA14-240-57,-1.7,577,7,0.281419,1.7E-05,0.00029
SA14-240,SA14-240-60,-5.6,594,6,0.282468,9E-06,0.00042
SA14-240,SA14-240-61,-7.2,359,17,0.28221,1.4E-05,0.00049
SA14-240,SA14-240-62,-0.2,1043,11,0.282046,1.1E-05,0.00065
SA14-240,SA14-240-65,-1.8,1041,11,0.281926,1.8E-05,0.00157
SA14-240,SA14-240-67,2.3,540,6,0.282371,1E-05,0.00136
SA14-240,SA14-240-69,-1.4,532,7,0.282342,1.7E-05,0.00087
SA14-240,SA14-240-70,-3,556,7,0.282365,1.4E-05,0.00036
SA14-240,SA14-240-71,-11.9,562,10,0.282378,1.3E-05,0.00049
SA14-240,SA14-240-72,8,969,20,0.282175,1.3E-05,0.00076
SA14-240,SA14-240-73,-6.7,529,7,,,
SA14-240,SA14-240-74,0.1,520,10,0.282498,1.3E-05,0.00225
SA14-240,SA14-240-75,-5.3,501,8,0.282357,1.4E-05,0.00068
SA14-240,SA14-240-76,-4.1,528,7,0.282433,1E-05,0.00043
SA14-240,SA14-240-66,5.4,571,6,0.2823,9E-06,0.00042
SA14-240,SA13-240-36,7.6,734,9,0.28244,1.8E-05,0.0003
SA14-240,SA13-240-55,19.4,513,6,0.282375,1.1E-05,0.00095
SA14-229,SA14-229-019,-54.4,404,5,0.282196,1.2E-05,0.00392
SA14-229,SA14-229-87,-41.8,1933,13,0.281283,1.4E-05,0.00046
SA14-229,SA14-229-63,-37.5,1894,10,0.281489,1.2E-05,0.00153
SA14-229,SA14-229-77,-37.7,1766,14,0.281928,2.2E-05,0.00123
SA14-229,SA14-229-024,-30.7,564,8,0.282513,1.7E-05,0.00647
SA14-229,SA14-229-100,-29.1,822,13,0.282229,1.1E-05,0.00055
SA14-229,SA14-229-69,-27.9,517,6,0.282396,7E-06,0.00115
SA14-229,SA14-229-68,-26.3,734,7,0.282356,2.3E-05,0.00145
SA14-229,SA14-229-76,-26.1,1754,19,0.281592,1.1E-05,0.00094
SA14-229,SA14-229-59,-25,2269,14,0.281231,1.3E-05,0.00093
SA14-229,SA14-229-001,-23.5,386,5,0.28229,1.8E-05,0.00286
SA14-229,SA14-229-018,-20.7,782,9,0.282365,1E-05,0.0017
SA14-229,SA14-229-90,-20.4,424,5,0.282225,3.1E-05,0.00345
SA14-229,SA14-229-84,-20.6,487,5,0.282458,1.6E-05,0.00079
SA14-229,SA14-229-040,-20.4,673,10,0.282369,1.2E-05,0.00165
SA14-229,SA14-229-79,-16.4,1862,12,0.281327,1.1E-05,0.00113
SA14-229,SA14-229-033,-15.4,856,11,0.282263,1.3E-05,0.00127
SA14-229,SA14-229-038,-15.5,627,9,0.282354,1.1E-05,0.00123
SA14-229,SA14-229-93,-11.8,1925,10,0.281303,1.1E-05,0.00068
SA14-229,SA14-229-007,-12.9,958,10,0.282327,1.6E-05,0.00195
SA14-229,SA14-229-022,-13.2,794,9,0.282355,1.1E-05,0.00086
SA14-229,SA14-229-025,-12,2613,21,0.281038,1.2E-05,0.00051
SA14-229,SA14-229-97,-12.8,486,7,0.28234,1.4E-05,0.0009
SA14-229,SA14-229-75,-9.8,1016,9,0.282045,1.1E-05,0.00068
SA14-229,SA14-229-60,-9,2022,9,0.281371,8E-06,0.00051
SA14-229,SA14-229-56,-12.1,830,14,0.282369,1.2E-05,0.00105
SA14-229,SA14-229-58,-9.1,897,10,0.282168,1.3E-05,0.0022
SA14-229,SA14-229-55,-10.1,941,14,0.282301,1.6E-05,0.00172
SA14-229,SA14-229-92,-11.1,538,12,0.282508,1E-05,0.00069
SA14-229,SA14-229-48,-9.3,1023,16,0.281838,9E-06,0.00126
SA14-229,SA14-229-45,-8,1980,18,0.281309,1.3E-05,0.00081
SA14-229,SA14-229-83,-7,898,8,0.282414,1.4E-05,0.00162
SA14-229,SA14-229-029,-10.3,479,6,0.28223,1.1E-05,0.00102
SA14-229,SA14-229-89,-5.7,861,7,0.282202,1.1E-05,0.00101
SA14-229,SA14-229-85,-5.2,868,8,0.282423,1.2E-05,0.00221
SA14-229,SA14-229-71,-5.1,1004,9,0.282326,8E-06,0.00053
SA14-229,SA14-229-004,-5.4,992,11,0.2818,1.2E-05,0.00105
SA14-229,SA14-229-034,-6.5,878,15,0.282452,1.5E-05,0.00084
SA14-229,SA14-229-88,-5.2,653,5,0.282283,1.2E-05,0.00045
SA14-229,SA14-229-028,-6.6,712,9,0.282448,1.3E-05,0.00237
SA14-229,SA14-229-74,-4.2,1021,11,0.28194,1E-05,0.00042
SA14-229,SA14-229-012,-4,1938,14,0.281361,1E-05,0.00067
SA14-229,SA14-229-015,-5.1,1042,14,0.281809,1.2E-05,0.00076
SA14-229,SA14-229-67,-2.8,1870,10,0.281543,1.6E-05,0.00139
SA14-229,SA14-229-035,-4.7,1071,15,0.282378,1.7E-05,0.00314
SA14-229,SA14-229-021,-4,2689,21,0.28116,1.2E-05,0.00166
SA14-229,SA14-229-023,-4.5,1122,13,0.282325,1.1E-05,0.00074
SA14-229,SA14-229-51,-4.7,937,13,0.282246,1.5E-05,0.00178
SA14-229,SA14-229-98,5.6,553,5,0.28239,1.1E-05,0.00114
SA14-229,SA14-229-002,1.3,1041,12,0.281978,1E-05,0.0004
SA14-229,SA14-229-003,1.5,534,6,0.28227,1.1E-05,0.00065
SA14-229,SA14-229-005,-1.6,1018,11,0.282312,1.1E-05,0.00158
SA14-229,SA14-229-006,-3.6,1003,11,0.28175,1.2E-05,0.00085
SA14-229,SA14-229-008,-0.9,2018,15,0.281454,1.4E-05,0.00087
SA14-229,SA14-229-009,-3.5,967,12,0.282321,1.4E-05,0.0012
SA14-229,SA14-229-010,-2.9,712,7,0.282026,1.1E-05,0.00078
SA14-229,SA14-229-011,0.2,665,7,0.282364,1.1E-05,0.00106
SA14-229,SA14-229-013,-2.7,1863,14,0.281362,1.3E-05,0.00089
SA14-229,SA14-229-014,1.6,580,7,0.282129,1.4E-05,0.00065
SA14-229,SA14-229-016,-6,605,9,0.281644,1.6E-05,0.0015
SA14-229,SA14-229-017,-2.4,990,11,0.281781,1.1E-05,0.00174
SA14-229,SA14-229-020,-3.5,1008,12,0.282311,1.4E-05,0.00062
SA14-229,SA14-229-026,-3.5,599,7,0.282417,1.4E-05,0.00103
SA14-229,SA14-229-027,3.2,532,6,0.282298,1.2E-05,0.00071
SA14-229,SA14-229-030,-1.9,515,6,0.281655,1.1E-05,0.00187
SA14-229,SA14-229-031,-3.9,508,6,0.282328,1.4E-05,0.00118
SA14-229,SA14-229-032,-3.1,1012,13,0.282141,1E-05,0.00055
SA14-229,SA14-229-036,2.4,591,8,0.282449,1.2E-05,0.00113
SA14-229,SA14-229-037,-1.6,1014,15,0.281653,1.4E-05,0.00047
SA14-229,SA14-229-039,-2.5,515,8,0.282412,1.3E-05,0.00057
SA14-229,SA14-229-41,-4.4,603,10,0.282564,1.1E-05,0.00302
SA14-229,SA14-229-42,-0.1,1031,14,0.282253,1.5E-05,0.00188
SA14-229,SA14-229-43,1.3,1101,16,0.282196,1.6E-05,0.00146
SA14-229,SA14-229-44,1.6,524,7,0.282349,1.2E-05,0.001
SA14-229,SA14-229-46,5.1,507,7,0.282151,1.1E-05,0.00071
SA14-229,SA14-229-47,1.4,1043,15,0.281714,1.1E-05,0.00048
SA14-229,SA14-229-49,-0.5,997,14,0.282102,1.3E-05,0.00255
SA14-229,SA14-229-50,-2.4,877,14,0.282374,1.3E-05,0.00106
SA14-229,SA14-229-52,-4.2,519,7,0.282353,1.2E-05,0.00076
SA14-229,SA14-229-53,-1.2,1368,17,0.281881,1.5E-05,0.00113
SA14-229,SA14-229-54,2.1,530,7,0.282242,1.4E-05,0.00067
SA14-229,SA14-229-57,-3.7,1042,16,0.282191,1E-05,0.00041
SA14-229,SA14-229-61,6.2,291,2,0.282678,1.3E-05,0.00099
SA14-229,SA14-229-62,0.1,990,7,0.281755,1.2E-05,0.00123
SA14-229,SA14-229-64,0.4,1045,9,0.282207,1E-05,0.00104
SA14-229,SA14-229-65,4.1,553,5,0.282309,1.1E-05,0.00072
SA14-229,SA14-229-66,-4.3,533,4,0.282428,1.6E-05,0.0009
SA14-229,SA14-229-70,1.8,822,10,0.282377,2.7E-05,0.00253
SA14-229,SA14-229-72,-1.2,1034,9,0.282191,1.3E-05,0.0009
SA14-229,SA14-229-73,0.2,1031,10,0.281626,1.2E-05,0.00117
SA14-229,SA14-229-78,-0.3,1057,10,0.282308,1.1E-05,0.00037
SA14-229,SA14-229-80,3.5,549,4,0.282284,1.3E-05,0.00112
SA14-229,SA14-229-81,-2.7,764,6,0.282341,1.2E-05,0.00034
SA14-229,SA14-229-82,-2.5,1876,13,0.281539,1.1E-05,0.00123
SA14-229,SA14-229-86,-2.1,1041,9,0.282012,1E-05,0.00113
SA14-229,SA14-229-91,2.5,590,6,0.282344,1E-05,0.00067
SA14-229,SA14-229-94,2.5,1009,8,0.282014,1.6E-05,0.0023
SA14-229,SA14-229-95,-1.5,1059,11,0.281615,1.2E-05,0.00071
SA14-229,SA14-229-96,0.9,1039,8,0.281843,1.2E-05,0.00125
SA14-229,SA14-229-99,3.3,661,6,0.281975,9E-06,0.00026
SA14_238,SA14_238-017,-56,1257,75,0.282282,1.1E-05,0.00047
SA14_238,SA14_238-71,-47.1,706,23,0.282378,1.5E-05,0.00162
SA14_238,SA14_238-58,-32.9,1146,25,0.282361,1.4E-05,0.00138
SA14_238,SA14_238-81,-32.6,1078,25,0.282431,1E-05,0.00061
SA14_238,SA14_238-104,-30.7,854,11,0.282339,1.3E-05,0.00407
SA14_238,SA14_238-60,-29.6,866,14,0.282312,1.1E-05,0.00142
SA14_238,SA14_238-29,-29.2,1024,19,0.28239,1.3E-05,0.00171
SA14_238,SA14_238-66,-29.2,852,34,0.282392,1.1E-05,0.0007
SA14_238,SA14_238-83,-35.3,924,64,0.282355,8E-06,0.00054
SA14_238,SA14_238-43,-23.9,926,15,0.282265,1.3E-05,0.00068
SA14_238,SA14_238-53,-30,754,42,0.282387,1.9E-05,0.00092
SA14_238,SA14_238-010,-34,852,67,0.28245,1.5E-05,0.00053
SA14_238,SA14_238-36,-24.7,815,27,0.282381,1.1E-05,0.00097
SA14_238,SA14_238-51,-30.4,715,48,0.282474,1.1E-05,0.00032
SA14_238,SA14_238-57,-24.8,881,30,0.282412,1.5E-05,0.00055
SA14_238,SA14_238-25,-27,1359,89,0.282362,1.7E-05,0.00096
SA14_238,SA14_238-004,-26.5,706,38,0.282589,1.5E-05,0.00281
SA14_238,SA14_238-011,-22.6,1040,32,0.282323,1.1E-05,0.00222
SA14_238,SA14_238-35,-20.3,1088,26,0.282305,1.3E-05,0.00048
SA14_238,SA14_238-52,-25.2,788,38,0.282371,1.1E-05,0.00119
SA14_238,SA14_238-61,-23.5,775,32,0.28236,1.1E-05,0.00029
SA14_238,SA14_238-69,-21,1168,40,0.281577,1.2E-05,0.00173
SA14_238,SA14_238-65,-18.8,713,40,0.282431,1.3E-05,0.00073
SA14_238,SA14_238-80,-17.8,972,25,0.282325,1.3E-05,0.00111
SA14_238,SA14_238-100,-14.8,1207,18,,,
SA14_238,SA14_238-84,-13,704,8,0.282301,1.2E-05,0.00132
SA14_238,SA14_238-85,-14.9,634,8,0.282367,1.3E-05,0.00122
SA14_238,SA14_238-75,-11.2,925,17,0.282171,1.2E-05,0.001
SA14_238,SA14_238-98,-11.5,528,8,0.282633,1.3E-05,0.0017
SA14_238,SA14_238-21,-11.5,943,18,0.28229,1.2E-05,0.00212
SA14_238,SA14_238-23,-6.6,785,9,0.282334,1.1E-05,0.00105
SA14_238,SA14_238-34,-12.5,599,10,0.282315,1.1E-05,0.00145
SA14_238,SA14_238-62,-10.5,660,8,0.282389,1E-05,0.00186
SA14_238,SA14_238-72,-5.1,2922,16,0.281305,2.3E-05,0.00477
SA14_238,SA14_238-008,-17.3,514,9,0.282622,1.9E-05,0.0042
SA14_238,SA14_238-31,-11.9,609,8,0.282413,1.1E-05,0.00061
SA14_238,SA14_238-89,-5,688,8,0.282327,1.5E-05,0.00107
SA14_238,SA14_238-001,-0.2,965,11,0.282435,1.3E-05,0.00121
SA14_238,SA14_238-003,7.5,650,8,0.282415,1.3E-05,0.00054
SA14_238,SA14_238-006,-9.2,861,11,0.282314,1.6E-05,0.00103
SA14_238,SA14_238-007,-1.9,807,11,0.28231,1.3E-05,0.00053
SA14_238,SA14_238-012,-5.4,512,10,0.282351,1E-05,0.00088
SA14_238,SA14_238-013,-4.5,1045,21,0.282294,1.2E-05,0.00116
SA14_238,SA14_238-014,-2.9,1085,19,0.282244,1.2E-05,0.00101
SA14_238,SA14_238-016,-1.5,890,17,0.282415,1.3E-05,0.00085
SA14_238,SA14_238-018,15.9,637,12,0.28229,1.2E-05,0.00028
SA14_238,SA14_238-019,-6.7,882,17,0.282308,1E-05,0.00017
SA14_238,SA14_238-020,-1.1,1011,20,0.282254,1E-05,0.00085
SA14_238,SA14_238-24,-0.2,2012,13,0.281531,1.6E-05,0.00151
SA14_238,SA14_238-26,5.4,631,8,0.282452,1.2E-05,0.00054
SA14_238,SA14_238-27,-0.6,513,7,0.282322,1.2E-05,0.00066
SA14_238,SA14_238-28,7.6,738,9,0.282359,1.3E-05,0.00113
SA14_238,SA14_238-30,5.6,531,8,0.282436,1.1E-05,0.00041
SA14_238,SA14_238-33,-0.1,1097,15,0.282183,1.2E-05,0.00103
SA14_238,SA14_238-38,13.7,599,11,0.282358,1.1E-05,0.00011
SA14_238,SA14_238-39,4.8,751,14,0.282312,1.3E-05,0.00063
SA14_238,SA14_238-40,5.5,1038,17,0.282405,1.1E-05,0.00048
SA14_238,SA14_238-41,-4,647,15,0.282508,1E-05,4E-05
SA14_238,SA14_238-42,0.6,993,17,0.282228,1.8E-05,0.00075
SA14_238,SA14_238-44,13,610,12,0.282534,1.6E-05,0.00061
SA14_238,SA14_238-45,7.9,1011,20,0.282395,2E-05,0.00054
SA14_238,SA14_238-46,-6.8,595,13,0.282405,1E-05,0.00019
SA14_238,SA14_238-47,6.2,1075,21,0.282426,1.2E-05,0.00137
SA14_238,SA14_238-48,7.5,661,14,0.282423,1.3E-05,0.00063
SA14_238,SA14_238-49,11.1,696,15,0.282464,1.4E-05,0.00068
SA14_238,SA14_238-50,-1.5,570,12,0.282433,1.2E-05,0.00059
SA14_238,SA14_238-54,17.1,577,13,0.282344,9E-06,0.00034
SA14_238,SA14_238-55,2.4,717,17,0.282117,1E-05,0.00036
SA14_238,SA14_238-56,14.2,592,14,0.282406,1E-05,0.0005
SA14_238,SA14_238-59,0.1,631,8,0.282382,1.3E-05,0.00087
SA14_238,SA14_238-63,-7.7,610,7,0.28238,7E-06,0.00012
SA14_238,SA14_238-64,-4.6,1022,13,0.282315,1.2E-05,0.00062
SA14_238,SA14_238-67,0.8,1051,13,0.282384,1.4E-05,0.00205
SA14_238,SA14_238-68,-0.8,1052,14,0.282273,1E-05,0.00088
SA14_238,SA14_238-70,-1.1,733,10,0.282334,1.1E-05,0.00117
SA14_238,SA14_238-73,-2.3,592,11,0.282475,1.1E-05,0.00131
SA14_238,SA14_238-74,13.8,630,13,0.282402,1.3E-05,0.00079
SA14_238,SA14_238-76,7.4,747,14,0.28224,1.3E-05,0.00093
SA14_238,SA14_238-77,7,612,12,0.282391,1.1E-05,0.0005
SA14_238,SA14_238-79,-0.4,630,13,0.282444,1.4E-05,0.0013
SA14_238,SA14_238-86,-6.9,936,12,0.28225,1.1E-05,0.0006
SA14_238,SA14_238-87,-3.3,1034,11,0.282385,1.5E-05,0.00096
SA14_238,SA14_238-88,0.9,1066,11,0.282353,1.4E-05,0.00104
SA14_238,SA14_238-90,-2.1,1011,13,0.282266,1.5E-05,0.00251
SA14_238,SA14_238-91,-5.7,1021,14,0.282195,1.1E-05,0.00096
SA14_238,SA14_238-93,-12.7,608,8,0.282391,1.5E-05,0.00076
SA14_238,SA14_238-94,-4.1,557,6,0.282407,1.3E-05,0.00054
SA14_238,SA14_238-95,-5.6,1002,11,0.282028,1.1E-05,0.00053
SA14_238,SA14_238-96,-0.3,574,8,0.282334,1.4E-05,0.00067
SA14_238,SA14_238-97,-2.7,636,8,0.282441,9E-06,0.00089
SA14_238,SA14_238-99,-6.2,636,8,0.282401,1.2E-05,0.00141
SA14_238,SA14_238-101,1,622,7,0.282206,1.3E-05,0.00139
SA14_238,SA14_238-102,-3.6,1048,12,0.28218,1.2E-05,0.00049
SA14_238,SA14_238-103,-8.1,928,13,0.282221,1.3E-05,0.00057
SA14_238,SA14_238-37,8.7,1024,17,0.282355,1E-05,0.00078
SA14_238,SA14_238-002,12.2,836,10,0.282306,1.2E-05,0.0011
SA14_238,SA14_238-009,11.1,1200,16,0.282327,1.3E-05,0.0016
SA14_238,SA14_238-82,21.1,821,20,0.282291,1.2E-05,0.0004
SA14_238,SA14_238-22,17.6,559,11,0.282393,1.4E-05,0.00095
SA14_238,SA14_238-015,21.9,888,16,0.282237,1.3E-05,0.0012
SA14_238,SA14_238-005,54.1,808,13,0.28239,1.2E-05,0.00097
SA12-55,SA12-55-167,-81,1119,26,,,
SA12-55,SA12-55-37,-78,1326,27,,,
SA12-55,SA12-55-202,-77.3,778,13,,,
SA12-55,SA12-55-138,-71.8,1016,20,,,
SA12-55,SA12-55-109,-67.6,515,23,,,
SA12-55,SA12-55-94,-66.5,437,7,,,
SA12-55,SA12-55-219,-64.3,1258,23,,,
SA12-55,SA12-55-143,-61.8,1394,52,,,
SA12-55,SA12-55-113,-59.7,337,6,,,
SA12-55,SA12-55-193,-57.3,352,6,,,
SA12-55,SA12-55-14,-56.4,537,5,,,
SA12-55,SA12-55-87,-51.8,556,8,,,
SA12-55,SA12-55-163,-51.5,970,9,,,
SA12-55,SA12-55-153,-51.4,831,18,,,
SA12-55,SA12-55-40,-48.2,531,7,,,
SA12-55,SA12-55-197,-48.1,528,21,,,
SA12-55,SA12-55-213,-44.9,763,12,,,
SA12-55,SA12-55-186,-44.8,429,16,,,
SA12-55,SA12-55-133,-44.8,787,10,,,
SA12-55,SA12-55-112,-42.7,686,10,,,
SA12-55,SA12-55-101,-42.6,1030,25,,,
SA12-55,SA12-55-43,-42.5,1000,16,,,
SA12-55,SA12-55-84,-40.6,828,29,,,
SA12-55,SA12-55-144,-38.7,1092,9,,,
SA12-55,SA12-55-217,-37.8,832,10,,,
SA12-55,SA12-55-53,-36,933,11,,,
SA12-55,SA12-55-85,-35.8,942,12,,,
SA12-55,SA12-55-33,-33.5,848,9,,,
SA12-55,SA12-55-145,-32.7,596,8,,,
SA12-55,SA12-55-60,-32.7,865,12,,,
SA12-55,SA12-55-82,-32.7,869,10,,,
SA12-55,SA12-55-159,-32.1,990,9,,,
SA12-55,SA12-55-141,-31.6,956,15,,,
SA12-55,SA12-55-83,-31.5,816,12,,,
SA12-55,SA12-55-55,-30.2,619,9,,,
SA12-55,SA12-55-172,-29,501,10,,,
SA12-55,SA12-55-99,-26.6,587,8,,,
SA12-55,SA12-55-46,-26.2,583,9,,,
SA12-55,SA12-55-184,-25.2,723,13,,,
SA12-55,SA12-55-72,-24.5,522,8,,,
SA12-55,SA12-55-115,-24.2,882,10,,,
SA12-55,SA12-55-23,-24,802,10,,,
SA12-55,SA12-55-149,-23.9,776,13,,,
SA12-55,SA12-55-180,-22.7,610,10,,,
SA12-55,SA12-55-142,-22.5,665,6,,,
SA12-55,SA12-55-90,-22.1,855,11,,,
SA12-55,SA12-55-59,-19.1,850,11,,,
SA12-55,SA12-55-137,-19,531,5,,,
SA12-55,SA12-55-62,-18.5,544,8,,,
SA12-55,SA12-55-61,-18.5,994,11,,,
SA12-55,SA12-55-89,-18.4,565,13,,,
SA12-55,SA12-55-96,-18,1012,23,,,
SA12-55,SA12-55-196,-17.8,688,12,,,
SA12-55,SA12-55-130,-17.6,567,5,,,
SA12-55,SA12-55-78,-14.7,783,10,,,
SA12-55,SA12-55-13,-14.5,780,15,,,
SA12-55,SA12-55-128,-13.4,586,6,,,
SA12-55,SA12-55-188,-12.3,550,8,,,
SA12-55,SA12-55-190,-12.2,634,9,,,
SA12-55,SA12-55-199,-12,802,9,,,
SA12-55,SA12-55-220,-10.8,1026,11,,,
SA12-55,SA12-55-164,-10.8,1028,9,,,
SA12-55,SA12-55-80,-10.5,583,8,,,
SA12-55,SA12-55-44,-10.3,1089,10,,,
SA12-55,SA12-55-160,-9.8,1037,9,0.282323,0,0.0007
SA12-55,SA12-55-175,-9.4,518,8,,,
SA12-55,SA12-55-110,-9.1,873,11,0.282364,0,0.0015
SA12-55,SA12-55-207,-9,779,19,,,
SA12-55,SA12-55-52,-8.7,737,12,0.282362,0,0.0007
SA12-55,SA12-55-191,-8.5,528,8,,,
SA12-55,SA12-55-185,-8.5,1043,10,,,
SA12-55,SA12-55-116,-8.2,1012,9,,,
SA12-55,SA12-55-74,-8.1,509,9,0.282453,0,0.0004
SA12-55,SA12-55-152,-6.6,617,6,0.282433,0,0.0005
SA12-55,SA12-55-165,-5.8,1213,10,0.282246,0,0.0009
SA12-55,SA12-55-157,-5.7,1078,9,0.282351,0,0.0023
SA12-55,SA12-55-151,-5.4,523,5,0.282309,0,0.0004
SA12-55,SA12-55-70,-5.3,541,8,0.28244,0,0.0004
SA12-55,SA12-55-201,-5.2,525,8,,,
SA12-55,SA12-55-136,-4.9,586,6,0.282403,0,0.0005
SA12-55,SA12-55-122,-4.9,659,6,0.282513,0,0.0015
SA12-55,SA12-55-119,4.6,549,4,0.28236,0,0.0002
SA12-55,SA12-55-134,5.7,677,7,,,
SA12-55,SA12-55-187,5.8,622,9,,,
SA12-55,SA12-55-147,6,650,6,0.28242,0,0.0011
SA12-55,SA12-55-17,6.1,564,7,,,
SA12-55,SA12-55-132,6.7,575,5,0.282352,0,0.0002
SA12-55,SA12-55-154,7.4,594,6,0.282423,0,0.0009
SA12-55,SA12-55-11,8.4,628,7,0.28243,0,0.0005
SA12-55,SA12-55-10,8.6,639,10,0.282381,0,0.001
SA12-55,SA12-55-123,9.4,652,6,0.282426,0,0.0006
SA12-55,SA12-55-156,10.7,616,7,,,
SA12-55,SA12-55-15,8.4,624,16,0.282405,0,0.0005
SA12-55,SA12-55-16,0.4,622,12,0.282341,0,0.0005
SA12-55,SA12-55-18,-8.1,624,8,,,
SA12-55,SA12-55-31,1.1,506,7,0.282332,0,0.0017
SA12-55,SA12-55-30,-1.6,1154,20,0.28229,0,0.0009
SA12-55,SA12-55-32,-2.1,514,7,0.282489,0,0.0012
SA12-55,SA12-55-34,2.4,650,9,0.282443,0,0.0006
SA12-55,SA12-55-35,1,1003,10,0.282298,0,0.0015
SA12-55,SA12-55-39,3.5,650,9,0.282433,0,0.0008
SA12-55,SA12-55-38,-2.4,544,8,0.282476,0,0.0008
SA12-55,SA12-55-36,-1.9,1008,9,0.282382,0,0.0016
SA12-55,SA12-55-32b,0.5,517,8,,,
SA12-55,SA12-55-41,-1.8,1002,8,0.282329,0,0.0033
SA12-55,SA12-55-50,0.8,566,8,0.282419,0,0.0004
SA12-55,SA12-55-51,5.2,1133,10,0.282207,0,0.0011
SA12-55,SA12-55-54,-2.8,504,8,0.282449,0,0.0004
SA12-55,SA12-55-63,-0.4,588,9,0.282391,0,0.0005
SA12-55,SA12-55-66,3.2,570,9,0.28235,0,0.0005
SA12-55,SA12-55-71,0.8,1045,10,0.282289,0,0.002
SA12-55,SA12-55-73,-3,616,9,0.282418,0,0.0007
SA12-55,SA12-55-77,-0.9,554,8,,,
SA12-55,SA12-55-81,0.8,522,7,0.28243,0,0.0001
SA12-55,SA12-55-88,-1.4,1046,14,0.282241,0,0.0006
SA12-55,SA12-55-91,-2.7,602,8,0.282478,0,0.0011
SA12-55,SA12-55-93,3.8,628,8,0.282422,0,0.0005
SA12-55,SA12-55-95,-0.3,634,8,0.282439,0,0.0009
SA12-55,SA12-55-97,4.9,582,7,0.282371,0,0.0006
SA12-55,SA12-55-102,-2.1,1032,13,0.282326,0,0.0011
SA12-55,SA12-55-104,-4.7,947,12,0.28226,0,0.0008
SA12-55,SA12-55-105,-0.1,1062,14,0.282333,0,0.0006
SA12-55,SA12-55-106,-0.8,622,9,0.28246,0,0.0007
SA12-55,SA12-55-107,6.4,550,6,0.282528,0,0.0002
SA12-55,SA12-55-111,-2.5,656,9,0.282432,0,0.0007
SA12-55,SA12-55-114,-7.6,514,7,0.282433,0,0.0008
SA12-55,SA12-55-117,0.1,1086,9,0.282286,0,0.0013
SA12-55,SA12-55-118,-1.7,1091,9,0.282289,0,0.0003
SA12-55,SA12-55-121,-2.2,976,9,0.282267,0,0.0014
SA12-55,SA12-55-124,-0.4,685,6,0.282589,0,0.0002
SA12-55,SA12-55-125,3.3,590,5,0.282361,0,0.0001
SA12-55,SA12-55-127,-3.8,680,8,0.282382,0,0.0006
SA12-55,SA12-55-135,-2.6,630,6,0.282614,0,0.0015
SA12-55,SA12-55-139,2.6,538,5,0.282522,0,0.0003
SA12-55,SA12-55-140,2.2,987,9,,,
SA12-55,SA12-55-146,-0.9,941,9,0.282291,0,0.0008
SA12-55,SA12-55-148,2.6,594,5,0.282469,0,0.0003
SA12-55,SA12-55-150,-0.1,779,13,0.282323,0,0.0008
SA12-55,SA12-55-155,5.7,601,6,0.282362,0,0.0009
SA12-55,SA12-55-162,-3.4,631,7,,,
SA12-55,SA12-55-168,-0.9,634,11,0.282453,0,0.0006
SA12-55,SA12-55-169,-2.3,1091,13,,,
SA12-55,SA12-55-171,2.6,536,9,,,
SA12-55,SA12-55-173,0,568,11,,,
SA12-55,SA12-55-176,-1,649,10,,,
SA12-55,SA12-55-181,-3,739,11,,,
SA12-55,SA12-55-182,-6,587,9,,,
SA12-55,SA12-55-183,1.5,568,9,,,
SA12-55,SA12-55-189,-2,1079,9,,,
SA12-55,SA12-55-192,0.9,656,10,,,
SA12-55,SA12-55-195,0.9,653,9,,,
SA12-55,SA12-55-198,-0.3,544,8,,,
SA12-55,SA12-55-200,-2.5,576,9,,,
SA12-55,SA12-55-203,-4,546,8,,,
SA12-55,SA12-55-204,-1.8,561,8,,,
SA12-55,SA12-55-205,0.1,516,12,,,
SA12-55,SA12-55-208,2.5,781,9,,,
SA12-55,SA12-55-209,-0.4,746,11,,,
SA12-55,SA12-55-210,3,576,9,,,
SA12-55,SA12-55-211,-3.9,697,13,,,
SA12-55,SA12-55-214,2.5,776,11,,,
SA12-55,SA12-55-218,-1.1,651,10,,,
SA13_116,SA13_116-62,-88,199,9,0.282316,1.2E-05,0.0006
SA13_116,SA13_116-58,-56.9,884,14,0.282373,1E-05,0.00257
SA13_116,SA13_116-43,-52.2,530,15,0.282308,9E-06,0.00063
SA13_116,SA13_116-06,-42.7,623,20,0.2824,1.1E-05,0.00077
SA13_116,SA13_116-57,-41.1,718,8,0.282374,1.7E-05,0.00175
SA13_116,SA13_116-80rr,-36.1,812,14,0.28247,1.2E-05,0.00136
SA13_116,SA13_116-90,-27.4,805,22,0.28243,1.4E-05,0.00123
SA13_116,SA13_116-61,-25.8,857,14,0.282651,9E-06,0.00223
SA13_116,SA13_116-59,-25.4,508,9,0.282343,1.4E-05,0.00114
SA13_116,SA13_116-82,-25.2,816,18,0.282421,1.9E-05,0.00256
SA13_116,SA13_116-56,-24.9,1011,11,0.282483,1.2E-05,0.00124
SA13_116,SA13_116-12,-23.4,2454,24,0.280839,1.1E-05,0.00134
SA13_116,SA13_116-35,-23.4,912,13,0.282278,9E-06,4E-05
SA13_116,SA13_116-14,-21,980,24,0.28229,9E-06,0.00136
SA13_116,SA13_116-65,-19,1711,28,0.28203,1.1E-05,0.00078
SA13_116,SA13_116-69,-17.3,775,13,0.282306,1.1E-05,0.00078
SA13_116,SA13_116-74,-73.2,270,8,0.282328,1E-05,0.00074
SA13_116,SA13_116-66,-56.8,273,6,0.281703,1.6E-05,0.0008
SA13_116,SA13_116-53,-78.7,274,10,0.28272,1.2E-05,0.00212
SA13_116,SA13_116-83,-70,278,8,0.282296,9E-06,0.00033
SA13_116,SA13_116-13,-43.6,312,10,0.282666,1E-05,0.00134
SA13_116,SA13_116-52,-38.5,299,5,0.282443,1E-05,7E-05
SA13_116,SA13_116-85,-13.5,804,21,0.282223,1.2E-05,0.001
SA13_116,SA13_116-50,-8,1860,14,0.282439,1E-05,0.00065
SA13_116,SA13_116-01,-8.3,1077,19,0.282255,1.2E-05,0.00158
SA13_116,SA13_116-02,-6.9,1039,15,0.282405,1.4E-05,0.00086
SA13_116,SA13_116-03,3,1272,32,0.282262,1.2E-05,0.00082
SA13_116,SA13_116-04,0.4,1112,19,0.282298,1.1E-05,0.00064
SA13_116,SA13_116-05,11.1,1178,33,0.282289,6E-06,0.00076
SA13_116,SA13_116-07,-10.9,880,16,0.282393,1.1E-05,0.00106
SA13_116,SA13_116-08,5.4,1048,30,0.282311,1E-05,0.00149
SA13_116,SA13_116-09,9.6,1218,28,0.282433,1E-05,0.00191
SA13_116,SA13_116-10,-16,643,18,0.282433,1E-05,0.00088
SA13_116,SA13_116-11,-8.3,570,27,0.281588,1.1E-05,0.00016
SA13_116,SA13_116-16,-5.5,554,9,0.282408,7E-06,0.00105
SA13_116,SA13_116-17,3.2,172,8,0.282347,9E-06,0.0012
SA13_116,SA13_116-18,6.6,570,14,0.28246,2E-05,0.00205
SA13_116,SA13_116-19,3.1,586,16,0.282394,9E-06,0.00018
SA13_116,SA13_116-20,-4.4,603,16,0.282492,1E-05,0.00046
SA13_116,SA13_116-21,15.9,626,15,0.282349,1.2E-05,0.00084
SA13_116,SA13_116-22,-2,519,10,0.282452,1.1E-05,0.00045
SA13_116,SA13_116-23,2.1,1110,16,0.282295,1.3E-05,0.00045
SA13_116,SA13_116-24,13.6,688,12,0.282358,1.1E-05,0.00063
SA13_116,SA13_116-25,-15.9,1226,40,0.282173,9E-06,0.00056
SA13_116,SA13_116-26,-5.9,878,13,0.282122,8E-06,0.00165
SA13_116,SA13_116-27,-12,880,19,0.282472,1E-05,0.00235
SA13_116,SA13_116-28,2.3,573,12,0.282282,1E-05,4E-05
SA13_116,SA13_116-29,-9.8,818,14,0.282001,8E-06,0.00102
SA13_116,SA13_116-30,0.2,1056,16,0.282269,1.2E-05,0.00099
SA13_116,SA13_116-31,-9.7,936,16,0.282269,1E-05,0.00078
SA13_116,SA13_116-32,0.1,669,12,0.282429,1.4E-05,0.00187
SA13_116,SA13_116-33,-1.5,1075,16,0.282497,1.2E-05,0.00068
SA13_116,SA13_116-34,-0.3,542,11,0.282217,1.4E-05,0.00085
SA13_116,SA13_116-36,-3.2,996,15,0.282332,5E-06,0.00079
SA13_116,SA13_116-37,1.6,1039,18,0.282246,1E-05,0.00134
SA13_116,SA13_116-38,-19.8,494,12,0.282255,1.2E-05,0.00158
SA13_116,SA13_116-39,-10.3,577,19,0.282418,1.5E-05,0.00062
SA13_116,SA13_116-40,-2.9,2951,30,0.282469,1.1E-05,0.00064
SA13_116,SA13_116-41,-8.7,633,20,0.281015,1.5E-05,0.00095
SA13_116,SA13_116-42,-6.1,1046,19,0.282427,1.2E-05,0.00041
SA13_116,SA13_116-44,5.6,628,14,0.282414,1.5E-05,0.00108
SA13_116,SA13_116-45,2.4,568,13,0.282391,8E-06,0.00046
SA13_116,SA13_116-46,-1.8,750,17,0.282522,1.2E-05,0.00067
SA13_116,SA13_116-47,-5.2,1047,24,0.282164,1E-05,0.00036
SA13_116,SA13_116-48,3.6,827,16,0.282146,1.1E-05,0.00106
SA13_116,SA13_116-49,-2.7,500,12,0.282167,1E-05,0.0006
SA13_116,SA13_116-51,-9.5,544,9,0.281539,1.2E-05,0.00092
SA13_116,SA13_116-54,-10.3,651,9,0.282649,1.1E-05,0.00091
SA13_116,SA13_116-55,3.2,562,8,0.282407,1E-05,0.00023
SA13_116,SA13_116-60,-12,609,12,0.282343,1.4E-05,0.00054
SA13_116,SA13_116-63,0.1,644,10,0.282304,8E-06,0.00074
SA13_116,SA13_116-64,-6.5,982,13,0.282381,1.1E-05,0.00057
SA13_116,SA13_116-67,-11.5,540,11,0.282632,1.1E-05,0.00093
SA13_116,SA13_116-68,-4.4,1077,12,0.282422,1E-05,0.00042
SA13_116,SA13_116-70,-8.5,1116,17,0.282397,9E-06,0.00129
SA13_116,SA13_116-72,-3.4,522,12,0.282299,1.1E-05,9E-05
SA13_116,SA13_116-73,-15.1,847,13,0.282428,1.2E-05,0.00054
SA13_116,SA13_116-75,3.5,579,13,0.282613,1.1E-05,0.00121
SA13_116,SA13_116-76,-21.5,545,17,0.282411,1.1E-05,0.00045
SA13_116,SA13_116-77,14.6,537,15,0.282439,1.5E-05,0.00031
SA13_116,SA13_116-81,4.8,998,19,0.282415,1.4E-05,0.001
SA13_116,SA13_116-86,1.5,1054,24,0.282278,1.1E-05,0.00069
SA13_116,SA13_116-87,-0.9,1046,24,0.282338,1E-05,0.00109
SA13_116,SA13_116-88,-1.8,633,20,0.282301,1.7E-05,0.00015
SA13_116,SA13_116-89,5.8,537,18,0.28228,1.7E-05,0.00287
SA13_116,SA13_116-91,12.1,517,19,,,
SA13_116,SA13_116-80,7.4,1065,16,0.281717,1.3E-05,0.00114
SA13_116,SA13_116-71,25.5,503,11,0.282343,1.5E-05,0.00087
